RecordKey,CustomerName,LicenseCode,LicenseCategory,AsOfDate,PurchasedUnits,UtilizedUnits,UtilizationPercent
AAA Club Alliance Inc.|2688-4062-9282-0153|Unattended Production License|2025-02-28,AAA Club Alliance Inc.,2688-4062-9282-0153,Unattended Production License,2025-02-28,1,0,0
AAA Club Alliance Inc.|8015-8735-1337-1745|Unattended Production License|2026-07-31,AAA Club Alliance Inc.,8015-8735-1337-1745,Unattended Production License,2026-07-31,9,9,100
AAA Club Alliance Inc.|8015-8735-1337-1745|NonProduction Robot License|2026-07-31,AAA Club Alliance Inc.,8015-8735-1337-1745,NonProduction Robot License,2026-07-31,0,5,
AAA Club Alliance Inc.|8015-8735-1337-1745|Unattended Test Robot License|2026-07-31,AAA Club Alliance Inc.,8015-8735-1337-1745,Unattended Test Robot License,2026-07-31,3,4,133.33
AAA Club Alliance Inc.|2688-4062-9282-0153|Unattended Test Robot License|2025-02-28,AAA Club Alliance Inc.,2688-4062-9282-0153,Unattended Test Robot License,2025-02-28,1,0,0
AAA Club Alliance Inc.|2688-4062-9282-0153|User Licenses|2025-02-28,AAA Club Alliance Inc.,2688-4062-9282-0153,User Licenses,2025-02-28,11,0,0
AAA Club Alliance Inc.|8015-8735-1337-1745|User Licenses|2026-07-31,AAA Club Alliance Inc.,8015-8735-1337-1745,User Licenses,2026-07-31,27,12,44.44
AAA Club Alliance Inc.|2688-4062-9282-0153|AI Units|2025-02-28,AAA Club Alliance Inc.,2688-4062-9282-0153,AI Units,2025-02-28,1,0,0
AAA Club Alliance Inc.|8015-8735-1337-1745|AI Units|2026-08-09,AAA Club Alliance Inc.,8015-8735-1337-1745,AI Units,2026-08-09,180000,43100,23.94
"ADVENT INTERNATIONAL, L.P.|9938-1992-7831-0909|Unattended Production License|2026-07-31","ADVENT INTERNATIONAL, L.P.",9938-1992-7831-0909,Unattended Production License,2026-07-31,10,9,90
"ADVENT INTERNATIONAL, L.P.|386722067079108799|Unattended Production License|2023-11-30","ADVENT INTERNATIONAL, L.P.",386722067079108799,Unattended Production License,2023-11-30,2,0,0
"ADVENT INTERNATIONAL, L.P.|1976-7905-6363-0280|Unattended Production License|2026-07-31","ADVENT INTERNATIONAL, L.P.",1976-7905-6363-0280,Unattended Production License,2026-07-31,50,50,100
"ADVENT INTERNATIONAL, L.P.|386779576618218477|NonProduction Robot License|2023-12-31","ADVENT INTERNATIONAL, L.P.",386779576618218477,NonProduction Robot License,2023-12-31,3,0,0
"ADVENT INTERNATIONAL, L.P.|386722067079108799|NonProduction Robot License|2023-11-30","ADVENT INTERNATIONAL, L.P.",386722067079108799,NonProduction Robot License,2023-11-30,3,0,0
"ADVENT INTERNATIONAL, L.P.|9938-1992-7831-0909|NonProduction Robot License|2026-07-31","ADVENT INTERNATIONAL, L.P.",9938-1992-7831-0909,NonProduction Robot License,2026-07-31,0,3,
"ADVENT INTERNATIONAL, L.P.|9938-1992-7831-0909|Unattended Test Robot License|2026-07-31","ADVENT INTERNATIONAL, L.P.",9938-1992-7831-0909,Unattended Test Robot License,2026-07-31,6,6,100
"ADVENT INTERNATIONAL, L.P.|9938-1992-7831-0909|User Licenses|2026-07-31","ADVENT INTERNATIONAL, L.P.",9938-1992-7831-0909,User Licenses,2026-07-31,105,11,10.48
"ADVENT INTERNATIONAL, L.P.|0624-0042-7948-1336|User Licenses|2026-01-31","ADVENT INTERNATIONAL, L.P.",0624-0042-7948-1336,User Licenses,2026-01-31,0,2,
"ADVENT INTERNATIONAL, L.P.|386722067079108799|User Licenses|2023-11-30","ADVENT INTERNATIONAL, L.P.",386722067079108799,User Licenses,2023-11-30,9,0,0
"ADVENT INTERNATIONAL, L.P.|386779576618218477|User Licenses|2023-12-31","ADVENT INTERNATIONAL, L.P.",386779576618218477,User Licenses,2023-12-31,2,0,0
"ADVENT INTERNATIONAL, L.P.|1976-7905-6363-0280|User Licenses|2026-07-31","ADVENT INTERNATIONAL, L.P.",1976-7905-6363-0280,User Licenses,2026-07-31,190,16,8.42
"ADVENT INTERNATIONAL, L.P.|1976-7905-6363-0280|AI Units|2026-07-30","ADVENT INTERNATIONAL, L.P.",1976-7905-6363-0280,AI Units,2026-07-30,120000,2095,1.75
"ADVENT INTERNATIONAL, L.P.|9938-1992-7831-0909|Platform Units|2026-08-09","ADVENT INTERNATIONAL, L.P.",9938-1992-7831-0909,Platform Units,2026-08-09,50000,4343.4,8.69
Alabama Credit Union|1074-5350-9964-6674|Unattended Production License|2024-09-30,Alabama Credit Union,1074-5350-9964-6674,Unattended Production License,2024-09-30,5,5,100
Alabama Credit Union|7759-8382-0379-8595|Unattended Production License|2026-07-31,Alabama Credit Union,7759-8382-0379-8595,Unattended Production License,2026-07-31,16,8,50
Alabama Credit Union|1074-5350-9964-6674|Unattended Test Robot License|2024-09-30,Alabama Credit Union,1074-5350-9964-6674,Unattended Test Robot License,2024-09-30,5,5,100
Alabama Credit Union|7759-8382-0379-8595|Unattended Test Robot License|2026-07-31,Alabama Credit Union,7759-8382-0379-8595,Unattended Test Robot License,2026-07-31,2,1,50
Alabama Credit Union|1074-5350-9964-6674|User Licenses|2024-09-30,Alabama Credit Union,1074-5350-9964-6674,User Licenses,2024-09-30,76,1,1.32
Alabama Credit Union|7759-8382-0379-8595|User Licenses|2026-07-31,Alabama Credit Union,7759-8382-0379-8595,User Licenses,2026-07-31,23,3,13.04
Alabama Credit Union|1074-5350-9964-6674|AI Units|2024-10-31,Alabama Credit Union,1074-5350-9964-6674,AI Units,2024-10-31,1,0,0
Alabama Credit Union|7759-8382-0379-8595|AI Units|2026-05-22,Alabama Credit Union,7759-8382-0379-8595,AI Units,2026-05-22,60000,407,0.68
"Alkeon Capital Management, LLC|2739-1415-1601-0335|User Licenses|2026-07-31","Alkeon Capital Management, LLC",2739-1415-1601-0335,User Licenses,2026-07-31,8,6,75
"Alkeon Capital Management, LLC|2739-1415-1601-0335|AI Units|2026-08-03","Alkeon Capital Management, LLC",2739-1415-1601-0335,AI Units,2026-08-03,60000,131.2,0.22
Alliant Credit Union|8370-9562-9842-5259|Unattended Production License|2026-07-31,Alliant Credit Union,8370-9562-9842-5259,Unattended Production License,2026-07-31,25,25,100
Alliant Credit Union|8370-9562-9842-5259|Unattended Test Robot License|2026-07-31,Alliant Credit Union,8370-9562-9842-5259,Unattended Test Robot License,2026-07-31,13,11,84.62
Alliant Credit Union|0996-4995-6563-7938|User Licenses|2026-06-30,Alliant Credit Union,0996-4995-6563-7938,User Licenses,2026-06-30,51,0,0
Alliant Credit Union|8370-9562-9842-5259|User Licenses|2026-07-31,Alliant Credit Union,8370-9562-9842-5259,User Licenses,2026-07-31,361,49,13.57
Alliant Credit Union|8370-9562-9842-5259|AI Units|2026-08-07,Alliant Credit Union,8370-9562-9842-5259,AI Units,2026-08-07,541644,2871,0.53
"American Financial Group, Inc.|9622-0182-5002-3231|Unattended Production License|2026-07-31","American Financial Group, Inc.",9622-0182-5002-3231,Unattended Production License,2026-07-31,40,35,87.5
"American Financial Group, Inc.|386703889753131119|Unattended Production License|2025-03-31","American Financial Group, Inc.",386703889753131119,Unattended Production License,2025-03-31,12,0,0
"American Financial Group, Inc.|9622-0182-5002-3231|NonProduction Robot License|2026-07-31","American Financial Group, Inc.",9622-0182-5002-3231,NonProduction Robot License,2026-07-31,0,26,
"American Financial Group, Inc.|9622-0182-5002-3231|Unattended Test Robot License|2026-07-31","American Financial Group, Inc.",9622-0182-5002-3231,Unattended Test Robot License,2026-07-31,30,29,96.67
"American Financial Group, Inc.|9622-0182-5002-3231|User Licenses|2026-07-31","American Financial Group, Inc.",9622-0182-5002-3231,User Licenses,2026-07-31,275,36,13.09
"American Financial Group, Inc.|9622-0182-5002-3231|AI Units|2026-08-09","American Financial Group, Inc.",9622-0182-5002-3231,AI Units,2026-08-09,840000,184599.8,21.98
American National Bank of Texas|8017-9871-6919-6392|Unattended Production License|2026-07-31,American National Bank of Texas,8017-9871-6919-6392,Unattended Production License,2026-07-31,2,2,100
American National Bank of Texas|1152-5661-8165-2999|Unattended Production License|2023-08-31,American National Bank of Texas,1152-5661-8165-2999,Unattended Production License,2023-08-31,10,0,0
American National Bank of Texas|1152-5661-8165-2999|NonProduction Robot License|2023-08-31,American National Bank of Texas,1152-5661-8165-2999,NonProduction Robot License,2023-08-31,10,0,0
American National Bank of Texas|8017-9871-6919-6392|Unattended Test Robot License|2026-07-31,American National Bank of Texas,8017-9871-6919-6392,Unattended Test Robot License,2026-07-31,1,1,100
American National Bank of Texas|1152-5661-8165-2999|User Licenses|2023-08-31,American National Bank of Texas,1152-5661-8165-2999,User Licenses,2023-08-31,30,0,0
American National Bank of Texas|8017-9871-6919-6392|User Licenses|2026-07-31,American National Bank of Texas,8017-9871-6919-6392,User Licenses,2026-07-31,19,0,0
American United Mutual Insurance Holding Company|3461-7736-8481-6660|Unattended Production License|2026-07-31,American United Mutual Insurance Holding Company,3461-7736-8481-6660,Unattended Production License,2026-07-31,0,1,
American United Mutual Insurance Holding Company|0641-1482-8261-2800|Unattended Production License|2026-07-31,American United Mutual Insurance Holding Company,0641-1482-8261-2800,Unattended Production License,2026-07-31,40,40,100
American United Mutual Insurance Holding Company|0641-1482-8261-2800|User Licenses|2026-07-31,American United Mutual Insurance Holding Company,0641-1482-8261-2800,User Licenses,2026-07-31,51,10,19.61
Ameris Bancorp|3071-5188-8175-2174|Unattended Production License|2026-07-31,Ameris Bancorp,3071-5188-8175-2174,Unattended Production License,2026-07-31,7,21,300
Ameris Bancorp|3071-5188-8175-2174|Unattended Test Robot License|2026-07-31,Ameris Bancorp,3071-5188-8175-2174,Unattended Test Robot License,2026-07-31,7,10,142.86
Ameris Bancorp|3071-5188-8175-2174|User Licenses|2026-07-31,Ameris Bancorp,3071-5188-8175-2174,User Licenses,2026-07-31,204,30,14.71
Ameris Bancorp|3071-5188-8175-2174|AI Units|2026-08-08,Ameris Bancorp,3071-5188-8175-2174,AI Units,2026-08-08,120000,72128.4,60.11
Amerisure Mutual Insurance|3701-6787-9261-7170|Unattended Production License|2026-07-31,Amerisure Mutual Insurance,3701-6787-9261-7170,Unattended Production License,2026-07-31,1,2,200
Amerisure Mutual Insurance|3701-6787-9261-7170|Unattended Test Robot License|2026-07-31,Amerisure Mutual Insurance,3701-6787-9261-7170,Unattended Test Robot License,2026-07-31,1,1,100
Amerisure Mutual Insurance|3701-6787-9261-7170|User Licenses|2026-07-31,Amerisure Mutual Insurance,3701-6787-9261-7170,User Licenses,2026-07-31,104,0,0
"Apollo Global Management, Inc.|3796-2178-8382-1124|Unattended Production License|2026-07-31","Apollo Global Management, Inc.",3796-2178-8382-1124,Unattended Production License,2026-07-31,7,0,0
"Apollo Global Management, Inc.|6750-5088-6136-8870|Unattended Production License|2026-07-31","Apollo Global Management, Inc.",6750-5088-6136-8870,Unattended Production License,2026-07-31,10,10,100
"Apollo Global Management, Inc.|7215-6543-9689-3140|Unattended Production License|2026-07-31","Apollo Global Management, Inc.",7215-6543-9689-3140,Unattended Production License,2026-07-31,16,16,100
"Apollo Global Management, Inc.|3796-2178-8382-1124|Unattended Test Robot License|2026-07-31","Apollo Global Management, Inc.",3796-2178-8382-1124,Unattended Test Robot License,2026-07-31,2,0,0
"Apollo Global Management, Inc.|6750-5088-6136-8870|Unattended Test Robot License|2026-07-31","Apollo Global Management, Inc.",6750-5088-6136-8870,Unattended Test Robot License,2026-07-31,5,5,100
"Apollo Global Management, Inc.|3796-2178-8382-1124|User Licenses|2026-07-31","Apollo Global Management, Inc.",3796-2178-8382-1124,User Licenses,2026-07-31,4,0,0
"Apollo Global Management, Inc.|6750-5088-6136-8870|User Licenses|2026-07-31","Apollo Global Management, Inc.",6750-5088-6136-8870,User Licenses,2026-07-31,63,22,34.92
"Apollo Global Management, Inc.|9528-8793-7143-0089|User Licenses|2026-07-31","Apollo Global Management, Inc.",9528-8793-7143-0089,User Licenses,2026-07-31,11,0,0
"Apollo Global Management, Inc.|7215-6543-9689-3140|User Licenses|2026-07-31","Apollo Global Management, Inc.",7215-6543-9689-3140,User Licenses,2026-07-31,23,0,0
"Apollo Global Management, Inc.|6750-5088-6136-8870|AI Units|2026-08-09","Apollo Global Management, Inc.",6750-5088-6136-8870,AI Units,2026-08-09,300000,141568.6,47.19
"Apple Financial Holdings, Inc.|7826-3124-6373-6715|Unattended Production License|2025-05-31","Apple Financial Holdings, Inc.",7826-3124-6373-6715,Unattended Production License,2025-05-31,0,5,
"Apple Financial Holdings, Inc.|1321-2993-8419-1825|Unattended Production License|2026-07-31","Apple Financial Holdings, Inc.",1321-2993-8419-1825,Unattended Production License,2026-07-31,2,2,100
"Apple Financial Holdings, Inc.|1321-2993-8419-1825|Unattended Test Robot License|2026-07-31","Apple Financial Holdings, Inc.",1321-2993-8419-1825,Unattended Test Robot License,2026-07-31,1,1,100
"Apple Financial Holdings, Inc.|7826-3124-6373-6715|User Licenses|2025-05-31","Apple Financial Holdings, Inc.",7826-3124-6373-6715,User Licenses,2025-05-31,0,1,
"Apple Financial Holdings, Inc.|1321-2993-8419-1825|User Licenses|2026-07-31","Apple Financial Holdings, Inc.",1321-2993-8419-1825,User Licenses,2026-07-31,136,3,2.21
Arch Capital Group Ltd.|7334-7216-3657-0525|Unattended Production License|2026-07-31,Arch Capital Group Ltd.,7334-7216-3657-0525,Unattended Production License,2026-07-31,19,16,84.21
Arch Capital Group Ltd.|7334-7216-3657-0525|Unattended Test Robot License|2026-07-31,Arch Capital Group Ltd.,7334-7216-3657-0525,Unattended Test Robot License,2026-07-31,10,9,90
Arch Capital Group Ltd.|7334-7216-3657-0525|User Licenses|2026-07-31,Arch Capital Group Ltd.,7334-7216-3657-0525,User Licenses,2026-07-31,76,21,27.63
Arch Capital Group Ltd.|7334-7216-3657-0525|AI Units|2026-08-07,Arch Capital Group Ltd.,7334-7216-3657-0525,AI Units,2026-08-07,75000,732,0.98
"Arvest Bank Group, Inc.|4728-5050-3874-0118|Unattended Production License|2025-02-28","Arvest Bank Group, Inc.",4728-5050-3874-0118,Unattended Production License,2025-02-28,50,0,0
"Arvest Bank Group, Inc.|1551-0697-1502-9473|Unattended Production License|2026-07-31","Arvest Bank Group, Inc.",1551-0697-1502-9473,Unattended Production License,2026-07-31,80,80,100
"Arvest Bank Group, Inc.|1551-0697-1502-9473|Unattended Test Robot License|2026-07-31","Arvest Bank Group, Inc.",1551-0697-1502-9473,Unattended Test Robot License,2026-07-31,20,20,100
"Arvest Bank Group, Inc.|1435-0559-4136-1703|Unattended Test Robot License|2025-02-28","Arvest Bank Group, Inc.",1435-0559-4136-1703,Unattended Test Robot License,2025-02-28,2,0,0
"Arvest Bank Group, Inc.|4728-5050-3874-0118|User Licenses|2025-02-28","Arvest Bank Group, Inc.",4728-5050-3874-0118,User Licenses,2025-02-28,40,0,0
"Arvest Bank Group, Inc.|1551-0697-1502-9473|User Licenses|2026-07-31","Arvest Bank Group, Inc.",1551-0697-1502-9473,User Licenses,2026-07-31,2361,462,19.57
"Arvest Bank Group, Inc.|3616-2369-0108-4051|User Licenses|2025-02-28","Arvest Bank Group, Inc.",3616-2369-0108-4051,User Licenses,2025-02-28,85,0,0
"Arvest Bank Group, Inc.|1435-0559-4136-1703|User Licenses|2025-02-28","Arvest Bank Group, Inc.",1435-0559-4136-1703,User Licenses,2025-02-28,5,0,0
"Arvest Bank Group, Inc.|1551-0697-1502-9473|Platform Units|2026-08-09","Arvest Bank Group, Inc.",1551-0697-1502-9473,Platform Units,2026-08-09,200000,10123.51,5.06
Associations Inc (Associa)|4061-0631-5970-4267|Unattended Production License|2026-07-31,Associations Inc (Associa),4061-0631-5970-4267,Unattended Production License,2026-07-31,22,20,90.91
Associations Inc (Associa)|386766192193596892|Unattended Production License|2025-09-30,Associations Inc (Associa),386766192193596892,Unattended Production License,2025-09-30,21,0,0
Associations Inc (Associa)|386712950847552554|NonProduction Robot License|2025-09-30,Associations Inc (Associa),386712950847552554,NonProduction Robot License,2025-09-30,7,0,0
Associations Inc (Associa)|386776818927564051|NonProduction Robot License|2025-09-30,Associations Inc (Associa),386776818927564051,NonProduction Robot License,2025-09-30,3,0,0
Associations Inc (Associa)|4061-0631-5970-4267|Unattended Test Robot License|2026-07-31,Associations Inc (Associa),4061-0631-5970-4267,Unattended Test Robot License,2026-07-31,12,8,66.67
Associations Inc (Associa)|386766192193596892|User Licenses|2025-09-30,Associations Inc (Associa),386766192193596892,User Licenses,2025-09-30,10,0,0
Associations Inc (Associa)|386712950847552554|User Licenses|2025-09-30,Associations Inc (Associa),386712950847552554,User Licenses,2025-09-30,6,0,0
Associations Inc (Associa)|4061-0631-5970-4267|User Licenses|2026-07-31,Associations Inc (Associa),4061-0631-5970-4267,User Licenses,2026-07-31,55,15,27.27
Associations Inc (Associa)|4061-0631-5970-4267|AI Units|2026-07-31,Associations Inc (Associa),4061-0631-5970-4267,AI Units,2026-07-31,60000,0,0
Atlantic Union Bankshares Corporation|3785-4147-5425-5912|Unattended Production License|2026-07-31,Atlantic Union Bankshares Corporation,3785-4147-5425-5912,Unattended Production License,2026-07-31,13,0,0
Atlantic Union Bankshares Corporation|4534-3168-5909-4038|Unattended Production License|2026-06-30,Atlantic Union Bankshares Corporation,4534-3168-5909-4038,Unattended Production License,2026-06-30,0,2,
Atlantic Union Bankshares Corporation|2330-1118-0705-3657|Unattended Test Robot License|2026-07-31,Atlantic Union Bankshares Corporation,2330-1118-0705-3657,Unattended Test Robot License,2026-07-31,4,0,0
Atlantic Union Bankshares Corporation|3785-4147-5425-5912|User Licenses|2026-07-31,Atlantic Union Bankshares Corporation,3785-4147-5425-5912,User Licenses,2026-07-31,5,0,0
Atlantic Union Bankshares Corporation|4534-3168-5909-4038|User Licenses|2026-06-30,Atlantic Union Bankshares Corporation,4534-3168-5909-4038,User Licenses,2026-06-30,0,6,
Atlantic Union Bankshares Corporation|6279-7333-1013-8454|User Licenses|2026-07-31,Atlantic Union Bankshares Corporation,6279-7333-1013-8454,User Licenses,2026-07-31,11,0,0
Atlantic Union Bankshares Corporation|2330-1118-0705-3657|User Licenses|2026-07-31,Atlantic Union Bankshares Corporation,2330-1118-0705-3657,User Licenses,2026-07-31,4,0,0
Atlantic Union Bankshares Corporation|6279-7333-1013-8454|AI Units|2026-07-31,Atlantic Union Bankshares Corporation,6279-7333-1013-8454,AI Units,2026-07-31,225000,0,0
"Automatic Data Processing, Inc.|3691-2430-9745-6683|Unattended Production License|2026-07-31","Automatic Data Processing, Inc.",3691-2430-9745-6683,Unattended Production License,2026-07-31,0,1,
"Automatic Data Processing, Inc.|8780-2372-1851-4245|Unattended Production License|2025-04-30","Automatic Data Processing, Inc.",8780-2372-1851-4245,Unattended Production License,2025-04-30,0,1,
"Automatic Data Processing, Inc.|5585-8366-6925-6919|User Licenses|2025-12-31","Automatic Data Processing, Inc.",5585-8366-6925-6919,User Licenses,2025-12-31,1,0,0
"Automatic Data Processing, Inc.|7980-5550-5060-6195|User Licenses|2025-12-31","Automatic Data Processing, Inc.",7980-5550-5060-6195,User Licenses,2025-12-31,2,0,0
"Automation Research, Inc. dba DataVerify and its Affiliates|3795-1465-8174-4671|Unattended Production License|2025-03-31","Automation Research, Inc. dba DataVerify and its Affiliates",3795-1465-8174-4671,Unattended Production License,2025-03-31,15,0,0
"Automation Research, Inc. dba DataVerify and its Affiliates|0422-5764-8010-9184|Unattended Production License|2026-07-31","Automation Research, Inc. dba DataVerify and its Affiliates",0422-5764-8010-9184,Unattended Production License,2026-07-31,20,15,75
"Automation Research, Inc. dba DataVerify and its Affiliates|2150-2521-5768-7219|Unattended Test Robot License|2025-03-31","Automation Research, Inc. dba DataVerify and its Affiliates",2150-2521-5768-7219,Unattended Test Robot License,2025-03-31,3,0,0
"Automation Research, Inc. dba DataVerify and its Affiliates|0422-5764-8010-9184|Unattended Test Robot License|2026-07-31","Automation Research, Inc. dba DataVerify and its Affiliates",0422-5764-8010-9184,Unattended Test Robot License,2026-07-31,5,3,60
"Automation Research, Inc. dba DataVerify and its Affiliates|2150-2521-5768-7219|User Licenses|2025-03-31","Automation Research, Inc. dba DataVerify and its Affiliates",2150-2521-5768-7219,User Licenses,2025-03-31,6,0,0
"Automation Research, Inc. dba DataVerify and its Affiliates|3795-1465-8174-4671|User Licenses|2025-03-31","Automation Research, Inc. dba DataVerify and its Affiliates",3795-1465-8174-4671,User Licenses,2025-03-31,12,0,0
"Automation Research, Inc. dba DataVerify and its Affiliates|0422-5764-8010-9184|User Licenses|2026-07-31","Automation Research, Inc. dba DataVerify and its Affiliates",0422-5764-8010-9184,User Licenses,2026-07-31,171,25,14.62
"Automation Research, Inc. dba DataVerify and its Affiliates|7470-9327-2568-0766|User Licenses|2025-10-31","Automation Research, Inc. dba DataVerify and its Affiliates",7470-9327-2568-0766,User Licenses,2025-10-31,1,0,0
"Automation Research, Inc. dba DataVerify and its Affiliates|0422-5764-8010-9184|AI Units|2026-07-31","Automation Research, Inc. dba DataVerify and its Affiliates",0422-5764-8010-9184,AI Units,2026-07-31,360000,0,0
BAC Florida Bank|1554-3934-1853-2327|Unattended Production License|2026-07-31,BAC Florida Bank,1554-3934-1853-2327,Unattended Production License,2026-07-31,5,5,100
BAC Florida Bank|1554-3934-1853-2327|Unattended Test Robot License|2026-07-31,BAC Florida Bank,1554-3934-1853-2327,Unattended Test Robot License,2026-07-31,4,4,100
BAC Florida Bank|1554-3934-1853-2327|User Licenses|2026-07-31,BAC Florida Bank,1554-3934-1853-2327,User Licenses,2026-07-31,25,5,20
BECU|2275-8892-7439-5647|Unattended Production License|2026-07-31,BECU,2275-8892-7439-5647,Unattended Production License,2026-07-31,35,28,80
BECU|2275-8892-7439-5647|Unattended Test Robot License|2026-07-31,BECU,2275-8892-7439-5647,Unattended Test Robot License,2026-07-31,55,45,81.82
BECU|2275-8892-7439-5647|User Licenses|2026-07-31,BECU,2275-8892-7439-5647,User Licenses,2026-07-31,327,82,25.08
BECU|2275-8892-7439-5647|AI Units|2026-02-11,BECU,2275-8892-7439-5647,AI Units,2026-02-11,300000,30,0.01
"BankUnited, N.A.|4372-7733-3726-6654|Unattended Production License|2026-07-31","BankUnited, N.A.",4372-7733-3726-6654,Unattended Production License,2026-07-31,24,24,100
"BankUnited, N.A.|2174-3386-0860-3811|Unattended Production License|2026-07-31","BankUnited, N.A.",2174-3386-0860-3811,Unattended Production License,2026-07-31,2,2,100
"BankUnited, N.A.|386711339559208925|Unattended Production License|2025-06-30","BankUnited, N.A.",386711339559208925,Unattended Production License,2025-06-30,18,0,0
"BankUnited, N.A.|386762506424238984|NonProduction Robot License|2025-06-30","BankUnited, N.A.",386762506424238984,NonProduction Robot License,2025-06-30,5,0,0
"BankUnited, N.A.|4372-7733-3726-6654|NonProduction Robot License|2026-07-31","BankUnited, N.A.",4372-7733-3726-6654,NonProduction Robot License,2026-07-31,5,5,100
"BankUnited, N.A.|4372-7733-3726-6654|Unattended Test Robot License|2026-07-31","BankUnited, N.A.",4372-7733-3726-6654,Unattended Test Robot License,2026-07-31,10,10,100
"BankUnited, N.A.|386762506424238984|Unattended Test Robot License|2025-06-30","BankUnited, N.A.",386762506424238984,Unattended Test Robot License,2025-06-30,5,0,0
"BankUnited, N.A.|2174-3386-0860-3811|Unattended Test Robot License|2026-07-31","BankUnited, N.A.",2174-3386-0860-3811,Unattended Test Robot License,2026-07-31,2,2,100
"BankUnited, N.A.|5567-8345-7832-8841|User Licenses|2024-10-31","BankUnited, N.A.",5567-8345-7832-8841,User Licenses,2024-10-31,221,1,0.45
"BankUnited, N.A.|386711339559208925|User Licenses|2025-06-30","BankUnited, N.A.",386711339559208925,User Licenses,2025-06-30,4,0,0
"BankUnited, N.A.|2174-3386-0860-3811|User Licenses|2026-07-31","BankUnited, N.A.",2174-3386-0860-3811,User Licenses,2026-07-31,39,0,0
"BankUnited, N.A.|4372-7733-3726-6654|User Licenses|2026-07-31","BankUnited, N.A.",4372-7733-3726-6654,User Licenses,2026-07-31,210,34,16.19
"BankUnited, N.A.|386762506424238984|User Licenses|2025-06-30","BankUnited, N.A.",386762506424238984,User Licenses,2025-06-30,15,0,0
"BankUnited, N.A.|5567-8345-7832-8841|AI Units|2024-11-30","BankUnited, N.A.",5567-8345-7832-8841,AI Units,2024-11-30,120001,0,0
"BankUnited, N.A.|4372-7733-3726-6654|AI Units|2026-07-29","BankUnited, N.A.",4372-7733-3726-6654,AI Units,2026-07-29,1300000,2913.95,0.22
"BankUnited, N.A.|2174-3386-0860-3811|Platform Units|2026-07-31","BankUnited, N.A.",2174-3386-0860-3811,Platform Units,2026-07-31,8000,0,0
Banque Nationale du Canada|5211-8629-1709-0915|Unattended Production License|2026-07-31,Banque Nationale du Canada,5211-8629-1709-0915,Unattended Production License,2026-07-31,5,5,100
Banque Nationale du Canada|5211-8629-1709-0915|Unattended Test Robot License|2026-07-31,Banque Nationale du Canada,5211-8629-1709-0915,Unattended Test Robot License,2026-07-31,5,5,100
Banque Nationale du Canada|5211-8629-1709-0915|User Licenses|2026-07-31,Banque Nationale du Canada,5211-8629-1709-0915,User Licenses,2026-07-31,41,11,26.83
Banque Nationale du Canada|0086-7613-8260-7885|AI Units|2025-08-31,Banque Nationale du Canada,0086-7613-8260-7885,AI Units,2025-08-31,1,0,0
Banque Nationale du Canada|5211-8629-1709-0915|Platform Units|2026-08-09,Banque Nationale du Canada,5211-8629-1709-0915,Platform Units,2026-08-09,20000,30.92,0.15
Baxter Credit Union|9254-4074-1793-6763|Unattended Production License|2026-07-31,Baxter Credit Union,9254-4074-1793-6763,Unattended Production License,2026-07-31,10,9,90
Baxter Credit Union|0010-8313-6502-0523|Unattended Production License|2023-09-30,Baxter Credit Union,0010-8313-6502-0523,Unattended Production License,2023-09-30,9,0,0
Baxter Credit Union|9254-4074-1793-6763|NonProduction Robot License|2026-07-31,Baxter Credit Union,9254-4074-1793-6763,NonProduction Robot License,2026-07-31,1,1,100
Baxter Credit Union|1747-7774-9379-0275|NonProduction Robot License|2023-09-30,Baxter Credit Union,1747-7774-9379-0275,NonProduction Robot License,2023-09-30,1,0,0
Baxter Credit Union|9254-4074-1793-6763|Unattended Test Robot License|2026-07-31,Baxter Credit Union,9254-4074-1793-6763,Unattended Test Robot License,2026-07-31,1,2,200
Baxter Credit Union|0010-8313-6502-0523|Unattended Test Robot License|2023-09-30,Baxter Credit Union,0010-8313-6502-0523,Unattended Test Robot License,2023-09-30,2,0,0
Baxter Credit Union|1747-7774-9379-0275|User Licenses|2023-09-30,Baxter Credit Union,1747-7774-9379-0275,User Licenses,2023-09-30,8,0,0
Baxter Credit Union|9254-4074-1793-6763|User Licenses|2026-07-31,Baxter Credit Union,9254-4074-1793-6763,User Licenses,2026-07-31,189,32,16.93
Baxter Credit Union|9254-4074-1793-6763|Platform Units|2026-08-09,Baxter Credit Union,9254-4074-1793-6763,Platform Units,2026-08-09,35028,5183.44,14.8
"Block, Inc.|4591-2320-8099-2081|Unattended Production License|2026-07-31","Block, Inc.",4591-2320-8099-2081,Unattended Production License,2026-07-31,12,10,83.33
"Block, Inc.|4755-1013-0665-2097|Unattended Production License|2026-07-31","Block, Inc.",4755-1013-0665-2097,Unattended Production License,2026-07-31,0,1,
"Block, Inc.|9240-3415-7619-1269|Unattended Production License|2024-04-30","Block, Inc.",9240-3415-7619-1269,Unattended Production License,2024-04-30,8,0,0
"Block, Inc.|1567-6503-7638-6755|Unattended Production License|2026-07-31","Block, Inc.",1567-6503-7638-6755,Unattended Production License,2026-07-31,1,0,0
"Block, Inc.|9240-3415-7619-1269|NonProduction Robot License|2024-04-30","Block, Inc.",9240-3415-7619-1269,NonProduction Robot License,2024-04-30,10,0,0
"Block, Inc.|1567-6503-7638-6755|Unattended Test Robot License|2026-07-31","Block, Inc.",1567-6503-7638-6755,Unattended Test Robot License,2026-07-31,1,0,0
"Block, Inc.|4591-2320-8099-2081|Unattended Test Robot License|2026-07-31","Block, Inc.",4591-2320-8099-2081,Unattended Test Robot License,2026-07-31,10,10,100
"Block, Inc.|4591-2320-8099-2081|User Licenses|2025-03-31","Block, Inc.",4591-2320-8099-2081,User Licenses,2025-03-31,33,1,3.03
"Block, Inc.|1567-6503-7638-6755|User Licenses|2026-07-31","Block, Inc.",1567-6503-7638-6755,User Licenses,2026-07-31,0,2,
"Block, Inc.|9240-3415-7619-1269|User Licenses|2024-04-30","Block, Inc.",9240-3415-7619-1269,User Licenses,2024-04-30,181,0,0
"Block, Inc.|4591-2320-8099-2081|AI Units|2026-08-09","Block, Inc.",4591-2320-8099-2081,AI Units,2026-08-09,120000,8887,7.41
Broadridge Financial Solutions|386724458216069340|Unattended Production License|2024-07-31,Broadridge Financial Solutions,386724458216069340,Unattended Production License,2024-07-31,13,0,0
Broadridge Financial Solutions|386774574697746206|Unattended Production License|2024-07-31,Broadridge Financial Solutions,386774574697746206,Unattended Production License,2024-07-31,3,0,0
Broadridge Financial Solutions|2409-1197-9404-1858|Unattended Production License|2026-07-31,Broadridge Financial Solutions,2409-1197-9404-1858,Unattended Production License,2026-07-31,1,0,0
Broadridge Financial Solutions|3601-1149-3949-8960|Unattended Production License|2026-07-31,Broadridge Financial Solutions,3601-1149-3949-8960,Unattended Production License,2026-07-31,33,33,100
Broadridge Financial Solutions|386717141996664388|Unattended Production License|2024-07-31,Broadridge Financial Solutions,386717141996664388,Unattended Production License,2024-07-31,7,0,0
Broadridge Financial Solutions|386720332804456884|Unattended Production License|2024-07-31,Broadridge Financial Solutions,386720332804456884,Unattended Production License,2024-07-31,4,0,0
Broadridge Financial Solutions|386700488008301077|Unattended Production License|2024-07-31,Broadridge Financial Solutions,386700488008301077,Unattended Production License,2024-07-31,8,0,0
Broadridge Financial Solutions|386734663550712957|Unattended Production License|2024-07-31,Broadridge Financial Solutions,386734663550712957,Unattended Production License,2024-07-31,1,0,0
Broadridge Financial Solutions|386795144783684438|Unattended Production License|2024-07-31,Broadridge Financial Solutions,386795144783684438,Unattended Production License,2024-07-31,8,0,0
Broadridge Financial Solutions|386727564964371890|Unattended Production License|2024-07-31,Broadridge Financial Solutions,386727564964371890,Unattended Production License,2024-07-31,3,0,0
Broadridge Financial Solutions|386716804878423669|Unattended Production License|2024-07-31,Broadridge Financial Solutions,386716804878423669,Unattended Production License,2024-07-31,3,0,0
Broadridge Financial Solutions|3591-5539-9693-5483|Unattended Production License|2024-07-31,Broadridge Financial Solutions,3591-5539-9693-5483,Unattended Production License,2024-07-31,4,0,0
Broadridge Financial Solutions|5367-7434-1248-1076|Unattended Production License|2026-07-31,Broadridge Financial Solutions,5367-7434-1248-1076,Unattended Production License,2026-07-31,1,0,0
Broadridge Financial Solutions|386789505529912014|Unattended Production License|2024-07-31,Broadridge Financial Solutions,386789505529912014,Unattended Production License,2024-07-31,8,0,0
Broadridge Financial Solutions|386746914639505156|Unattended Production License|2024-07-31,Broadridge Financial Solutions,386746914639505156,Unattended Production License,2024-07-31,4,0,0
Broadridge Financial Solutions|386734663550712957|NonProduction Robot License|2024-07-31,Broadridge Financial Solutions,386734663550712957,NonProduction Robot License,2024-07-31,9,0,0
Broadridge Financial Solutions|2409-1197-9404-1858|Unattended Test Robot License|2026-07-31,Broadridge Financial Solutions,2409-1197-9404-1858,Unattended Test Robot License,2026-07-31,1,0,0
Broadridge Financial Solutions|3601-1149-3949-8960|Unattended Test Robot License|2026-07-31,Broadridge Financial Solutions,3601-1149-3949-8960,Unattended Test Robot License,2026-07-31,21,21,100
Broadridge Financial Solutions|5367-7434-1248-1076|Unattended Test Robot License|2026-07-31,Broadridge Financial Solutions,5367-7434-1248-1076,Unattended Test Robot License,2026-07-31,1,0,0
Broadridge Financial Solutions|386774574697746206|User Licenses|2024-07-31,Broadridge Financial Solutions,386774574697746206,User Licenses,2024-07-31,1,0,0
Broadridge Financial Solutions|3601-1149-3949-8960|User Licenses|2026-07-31,Broadridge Financial Solutions,3601-1149-3949-8960,User Licenses,2026-07-31,709,151,21.3
Broadridge Financial Solutions|386746914639505156|User Licenses|2024-07-31,Broadridge Financial Solutions,386746914639505156,User Licenses,2024-07-31,4,0,0
Broadridge Financial Solutions|386789505529912014|User Licenses|2024-07-31,Broadridge Financial Solutions,386789505529912014,User Licenses,2024-07-31,13,0,0
Broadridge Financial Solutions|3591-5539-9693-5483|User Licenses|2024-07-31,Broadridge Financial Solutions,3591-5539-9693-5483,User Licenses,2024-07-31,25,0,0
Broadridge Financial Solutions|386716804878423669|User Licenses|2024-07-31,Broadridge Financial Solutions,386716804878423669,User Licenses,2024-07-31,10,0,0
Broadridge Financial Solutions|386727564964371890|User Licenses|2024-07-31,Broadridge Financial Solutions,386727564964371890,User Licenses,2024-07-31,7,0,0
Broadridge Financial Solutions|386795144783684438|User Licenses|2024-07-31,Broadridge Financial Solutions,386795144783684438,User Licenses,2024-07-31,13,0,0
Broadridge Financial Solutions|386734663550712957|User Licenses|2024-07-31,Broadridge Financial Solutions,386734663550712957,User Licenses,2024-07-31,9,0,0
Broadridge Financial Solutions|386700488008301077|User Licenses|2024-07-31,Broadridge Financial Solutions,386700488008301077,User Licenses,2024-07-31,16,0,0
Broadridge Financial Solutions|386720332804456884|User Licenses|2024-07-31,Broadridge Financial Solutions,386720332804456884,User Licenses,2024-07-31,10,0,0
Broadridge Financial Solutions|386717141996664388|User Licenses|2024-07-31,Broadridge Financial Solutions,386717141996664388,User Licenses,2024-07-31,10,0,0
Broadridge Financial Solutions|386724458216069340|User Licenses|2024-07-31,Broadridge Financial Solutions,386724458216069340,User Licenses,2024-07-31,20,0,0
Brown & Brown Inc.|386797415150614533|Unattended Production License|2024-06-30,Brown & Brown Inc.,386797415150614533,Unattended Production License,2024-06-30,2,0,0
Brown & Brown Inc.|8613-8380-1649-3975|Unattended Production License|2026-07-31,Brown & Brown Inc.,8613-8380-1649-3975,Unattended Production License,2026-07-31,11,12,109.09
Brown & Brown Inc.|8613-8380-1649-3975|NonProduction Robot License|2026-07-31,Brown & Brown Inc.,8613-8380-1649-3975,NonProduction Robot License,2026-07-31,0,2,
Brown & Brown Inc.|8613-8380-1649-3975|Unattended Test Robot License|2026-07-31,Brown & Brown Inc.,8613-8380-1649-3975,Unattended Test Robot License,2026-07-31,2,0,0
Brown & Brown Inc.|386797415150614533|User Licenses|2024-06-30,Brown & Brown Inc.,386797415150614533,User Licenses,2024-06-30,2,0,0
Brown & Brown Inc.|2872-8858-1163-2073|User Licenses|2026-06-30,Brown & Brown Inc.,2872-8858-1163-2073,User Licenses,2026-06-30,0,2,
Brown & Brown Inc.|8613-8380-1649-3975|User Licenses|2026-07-31,Brown & Brown Inc.,8613-8380-1649-3975,User Licenses,2026-07-31,133,12,9.02
CI Financial Corp|9885-4568-8406-6791|Unattended Production License|2026-07-31,CI Financial Corp,9885-4568-8406-6791,Unattended Production License,2026-07-31,105,100,95.24
CI Financial Corp|1539-3602-8152-3477|Unattended Production License|2023-06-30,CI Financial Corp,1539-3602-8152-3477,Unattended Production License,2023-06-30,31,0,0
CI Financial Corp|3419-9886-3902-7267|NonProduction Robot License|2023-06-30,CI Financial Corp,3419-9886-3902-7267,NonProduction Robot License,2023-06-30,5,0,0
CI Financial Corp|5385-2091-9466-1296|NonProduction Robot License|2023-06-30,CI Financial Corp,5385-2091-9466-1296,NonProduction Robot License,2023-06-30,10,0,0
CI Financial Corp|9885-4568-8406-6791|NonProduction Robot License|2026-07-31,CI Financial Corp,9885-4568-8406-6791,NonProduction Robot License,2026-07-31,0,9,
CI Financial Corp|9885-4568-8406-6791|Unattended Test Robot License|2026-07-31,CI Financial Corp,9885-4568-8406-6791,Unattended Test Robot License,2026-07-31,10,6,60
CI Financial Corp|1539-3602-8152-3477|User Licenses|2023-06-30,CI Financial Corp,1539-3602-8152-3477,User Licenses,2023-06-30,7,0,0
CI Financial Corp|5385-2091-9466-1296|User Licenses|2023-06-30,CI Financial Corp,5385-2091-9466-1296,User Licenses,2023-06-30,18,0,0
CI Financial Corp|9885-4568-8406-6791|User Licenses|2026-07-31,CI Financial Corp,9885-4568-8406-6791,User Licenses,2026-07-31,162,13,8.02
CI Financial Corp|4269-5832-9470-6847|User Licenses|2026-07-31,CI Financial Corp,4269-5832-9470-6847,User Licenses,2026-07-31,51,0,0
CI Financial Corp|3419-9886-3902-7267|User Licenses|2023-06-30,CI Financial Corp,3419-9886-3902-7267,User Licenses,2023-06-30,3,0,0
CI Financial Corp|9885-4568-8406-6791|AI Units|2026-07-31,CI Financial Corp,9885-4568-8406-6791,AI Units,2026-07-31,180000,0,0
CIBC|2961-0550-2664-2959|Unattended Production License|2025-08-31,CIBC,2961-0550-2664-2959,Unattended Production License,2025-08-31,25,5,20
CIBC|2961-0550-2664-2959|Unattended Test Robot License|2025-08-31,CIBC,2961-0550-2664-2959,Unattended Test Robot License,2025-08-31,1,3,300
CIBC|2961-0550-2664-2959|User Licenses|2026-07-31,CIBC,2961-0550-2664-2959,User Licenses,2026-07-31,250,6,2.4
CIBC|8125-1894-6099-1077|User Licenses|2025-08-31,CIBC,8125-1894-6099-1077,User Licenses,2025-08-31,0,1,
CIBC|2961-0550-2664-2959|Platform Units|2026-07-31,CIBC,2961-0550-2664-2959,Platform Units,2026-07-31,250000,0,0
CNB Financial Corporation|0169-5355-0611-8813|Unattended Production License|2026-07-31,CNB Financial Corporation,0169-5355-0611-8813,Unattended Production License,2026-07-31,16,3,18.75
CNB Financial Corporation|9784-7153-4137-4501|Unattended Production License|2024-04-30,CNB Financial Corporation,9784-7153-4137-4501,Unattended Production License,2024-04-30,2,0,0
CNB Financial Corporation|0169-5355-0611-8813|Unattended Test Robot License|2026-07-31,CNB Financial Corporation,0169-5355-0611-8813,Unattended Test Robot License,2026-07-31,16,2,12.5
CNB Financial Corporation|0169-5355-0611-8813|User Licenses|2026-07-31,CNB Financial Corporation,0169-5355-0611-8813,User Licenses,2026-07-31,43,6,13.95
CNB Financial Corporation|1894-2226-2442-3979|User Licenses|2024-04-30,CNB Financial Corporation,1894-2226-2442-3979,User Licenses,2024-04-30,2,0,0
CNB Financial Corporation|0169-5355-0611-8813|AI Units|2026-08-06,CNB Financial Corporation,0169-5355-0611-8813,AI Units,2026-08-06,1301139,20250,1.56
"Cameron Enterprises, A Limited Partnership|386703240264122175|Unattended Production License|2026-07-31","Cameron Enterprises, A Limited Partnership",386703240264122175,Unattended Production License,2026-07-31,38,0,0
"Cameron Enterprises, A Limited Partnership|2589-8083-5449-8473|Unattended Production License|2026-07-31","Cameron Enterprises, A Limited Partnership",2589-8083-5449-8473,Unattended Production License,2026-07-31,4,4,100
"Cameron Enterprises, A Limited Partnership|8877-3564-9777-2790|NonProduction Robot License|2026-07-31","Cameron Enterprises, A Limited Partnership",8877-3564-9777-2790,NonProduction Robot License,2026-07-31,5,0,0
"Cameron Enterprises, A Limited Partnership|2589-8083-5449-8473|Unattended Test Robot License|2026-07-31","Cameron Enterprises, A Limited Partnership",2589-8083-5449-8473,Unattended Test Robot License,2026-07-31,2,2,100
"Cameron Enterprises, A Limited Partnership|386703240264122175|User Licenses|2026-07-31","Cameron Enterprises, A Limited Partnership",386703240264122175,User Licenses,2026-07-31,23,0,0
"Cameron Enterprises, A Limited Partnership|2589-8083-5449-8473|User Licenses|2026-07-31","Cameron Enterprises, A Limited Partnership",2589-8083-5449-8473,User Licenses,2026-07-31,33,5,15.15
"Cameron Enterprises, A Limited Partnership|2298-2262-5496-9276|User Licenses|2026-07-31","Cameron Enterprises, A Limited Partnership",2298-2262-5496-9276,User Licenses,2026-07-31,11,0,0
"Cameron Enterprises, A Limited Partnership|2589-8083-5449-8473|Platform Units|2026-08-09","Cameron Enterprises, A Limited Partnership",2589-8083-5449-8473,Platform Units,2026-08-09,9923,256.6,2.59
Canvas Credit Union|9588-0186-8474-2710|Unattended Production License|2026-07-31,Canvas Credit Union,9588-0186-8474-2710,Unattended Production License,2026-07-31,5,4,80
Canvas Credit Union|9588-0186-8474-2710|NonProduction Robot License|2026-07-31,Canvas Credit Union,9588-0186-8474-2710,NonProduction Robot License,2026-07-31,0,2,
Canvas Credit Union|9588-0186-8474-2710|Unattended Test Robot License|2026-07-31,Canvas Credit Union,9588-0186-8474-2710,Unattended Test Robot License,2026-07-31,2,1,50
Canvas Credit Union|1097-4565-7012-3992|User Licenses|2024-03-31,Canvas Credit Union,1097-4565-7012-3992,User Licenses,2024-03-31,10,0,0
Canvas Credit Union|2783-3193-3207-5287|User Licenses|2024-06-30,Canvas Credit Union,2783-3193-3207-5287,User Licenses,2024-06-30,1,0,0
Canvas Credit Union|9588-0186-8474-2710|User Licenses|2026-07-31,Canvas Credit Union,9588-0186-8474-2710,User Licenses,2026-07-31,32,10,31.25
Capital Group|2773-2491-9920-4427|Unattended Production License|2026-01-31,Capital Group,2773-2491-9920-4427,Unattended Production License,2026-01-31,0,5,
Capital Group|2773-2491-9920-4427|User Licenses|2026-01-31,Capital Group,2773-2491-9920-4427,User Licenses,2026-01-31,0,12,
Citadel Investment Group|1930-3436-6752-4754|Unattended Production License|2026-07-31,Citadel Investment Group,1930-3436-6752-4754,Unattended Production License,2026-07-31,1,1,100
Citadel Investment Group|7064-6781-1871-4616|Unattended Production License|2026-07-31,Citadel Investment Group,7064-6781-1871-4616,Unattended Production License,2026-07-31,16,16,100
Citadel Investment Group|0687-1697-3516-0549|Unattended Production License|2026-03-31,Citadel Investment Group,0687-1697-3516-0549,Unattended Production License,2026-03-31,4,0,0
Citadel Investment Group|1930-3436-6752-4754|Unattended Test Robot License|2026-07-31,Citadel Investment Group,1930-3436-6752-4754,Unattended Test Robot License,2026-07-31,1,1,100
Citadel Investment Group|7064-6781-1871-4616|Unattended Test Robot License|2026-07-31,Citadel Investment Group,7064-6781-1871-4616,Unattended Test Robot License,2026-07-31,5,5,100
Citadel Investment Group|0687-1697-3516-0549|Unattended Test Robot License|2026-03-31,Citadel Investment Group,0687-1697-3516-0549,Unattended Test Robot License,2026-03-31,1,0,0
Citadel Investment Group|7064-6781-1871-4616|User Licenses|2026-07-31,Citadel Investment Group,7064-6781-1871-4616,User Licenses,2026-07-31,135,31,22.96
Citadel Investment Group|7064-6781-1871-4616|AI Units|2026-08-07,Citadel Investment Group,7064-6781-1871-4616,AI Units,2026-08-07,120000,7015.2,5.85
Citigroup Inc.|0269-7407-9117-8832|Unattended Production License|2025-06-30,Citigroup Inc.,0269-7407-9117-8832,Unattended Production License,2025-06-30,1,0,0
Citigroup Inc.|6562-1029-9564-7251|Unattended Production License|2026-07-31,Citigroup Inc.,6562-1029-9564-7251,Unattended Production License,2026-07-31,1,1,100
Citigroup Inc.|3247-2714-5179-0511|User Licenses|2023-12-31,Citigroup Inc.,3247-2714-5179-0511,User Licenses,2023-12-31,4,0,0
Citigroup Inc.|6832-8527-3971-0069|User Licenses|2024-02-29,Citigroup Inc.,6832-8527-3971-0069,User Licenses,2024-02-29,1,0,0
Citigroup Inc.|2563-6471-6619-1318|User Licenses|2023-12-31,Citigroup Inc.,2563-6471-6619-1318,User Licenses,2023-12-31,3,0,0
Citigroup Inc.|9571-3236-5135-3789|User Licenses|2024-02-29,Citigroup Inc.,9571-3236-5135-3789,User Licenses,2024-02-29,2,0,0
Citigroup Inc.|0269-7407-9117-8832|User Licenses|2025-06-30,Citigroup Inc.,0269-7407-9117-8832,User Licenses,2025-06-30,130,0,0
Citigroup Inc.|3273-3581-3602-9653|User Licenses|2023-12-31,Citigroup Inc.,3273-3581-3602-9653,User Licenses,2023-12-31,6,0,0
Citigroup Inc.|6562-1029-9564-7251|User Licenses|2026-07-31,Citigroup Inc.,6562-1029-9564-7251,User Licenses,2026-07-31,127,31,24.41
Citigroup Inc.|0269-7407-9117-8832|AI Units|2025-06-30,Citigroup Inc.,0269-7407-9117-8832,AI Units,2025-06-30,1,0,0
"Citizens Financial Group, Inc|8366-3976-0923-7119|Unattended Production License|2024-07-31","Citizens Financial Group, Inc",8366-3976-0923-7119,Unattended Production License,2024-07-31,120,0,0
"Citizens Financial Group, Inc|1986-0672-8493-7872|Unattended Production License|2024-07-31","Citizens Financial Group, Inc",1986-0672-8493-7872,Unattended Production License,2024-07-31,12,0,0
"Citizens Financial Group, Inc|2888-0419-1221-9074|Unattended Production License|2026-07-31","Citizens Financial Group, Inc",2888-0419-1221-9074,Unattended Production License,2026-07-31,175,146,83.43
"Citizens Financial Group, Inc|8366-3976-0923-7119|Unattended Test Robot License|2024-07-31","Citizens Financial Group, Inc",8366-3976-0923-7119,Unattended Test Robot License,2024-07-31,5,0,0
"Citizens Financial Group, Inc|2888-0419-1221-9074|Unattended Test Robot License|2026-07-31","Citizens Financial Group, Inc",2888-0419-1221-9074,Unattended Test Robot License,2026-07-31,18,18,100
"Citizens Financial Group, Inc|2183-4649-6370-8340|Unattended Test Robot License|2024-07-31","Citizens Financial Group, Inc",2183-4649-6370-8340,Unattended Test Robot License,2024-07-31,15,0,0
"Citizens Financial Group, Inc|8366-3976-0923-7119|User Licenses|2024-07-31","Citizens Financial Group, Inc",8366-3976-0923-7119,User Licenses,2024-07-31,981,0,0
"Citizens Financial Group, Inc|2888-0419-1221-9074|User Licenses|2026-07-31","Citizens Financial Group, Inc",2888-0419-1221-9074,User Licenses,2026-07-31,2797,1221,43.65
"Citizens Financial Group, Inc|6715-2407-9662-2687|User Licenses|2024-05-31","Citizens Financial Group, Inc",6715-2407-9662-2687,User Licenses,2024-05-31,19,0,0
"Citizens Financial Group, Inc|1986-0672-8493-7872|User Licenses|2024-07-31","Citizens Financial Group, Inc",1986-0672-8493-7872,User Licenses,2024-07-31,240,0,0
"Citizens Financial Group, Inc|2183-4649-6370-8340|User Licenses|2024-07-31","Citizens Financial Group, Inc",2183-4649-6370-8340,User Licenses,2024-07-31,5,0,0
"Citizens Financial Group, Inc|6715-2407-9662-2687|AI Units|2024-05-31","Citizens Financial Group, Inc",6715-2407-9662-2687,AI Units,2024-05-31,60000,0,0
"Citizens Financial Group, Inc|2888-0419-1221-9074|AI Units|2026-08-09","Citizens Financial Group, Inc",2888-0419-1221-9074,AI Units,2026-08-09,2460000,256018.8,10.41
Coastal Community Credit Union|8790-5120-5729-4118|Unattended Production License|2026-07-31,Coastal Community Credit Union,8790-5120-5729-4118,Unattended Production License,2026-07-31,1,0,0
Coastal Community Credit Union|3799-9972-9186-8265|Unattended Production License|2026-07-31,Coastal Community Credit Union,3799-9972-9186-8265,Unattended Production License,2026-07-31,2,2,100
Coastal Community Credit Union|2660-7501-8080-1353|Unattended Production License|2024-06-30,Coastal Community Credit Union,2660-7501-8080-1353,Unattended Production License,2024-06-30,2,0,0
Coastal Community Credit Union|3799-9972-9186-8265|NonProduction Robot License|2026-07-31,Coastal Community Credit Union,3799-9972-9186-8265,NonProduction Robot License,2026-07-31,0,1,
Coastal Community Credit Union|2660-7501-8080-1353|NonProduction Robot License|2024-06-30,Coastal Community Credit Union,2660-7501-8080-1353,NonProduction Robot License,2024-06-30,1,0,0
Coastal Community Credit Union|3799-9972-9186-8265|Unattended Test Robot License|2026-07-31,Coastal Community Credit Union,3799-9972-9186-8265,Unattended Test Robot License,2026-07-31,1,1,100
Coastal Community Credit Union|8790-5120-5729-4118|Unattended Test Robot License|2026-07-31,Coastal Community Credit Union,8790-5120-5729-4118,Unattended Test Robot License,2026-07-31,1,0,0
Coastal Community Credit Union|3799-9972-9186-8265|User Licenses|2026-07-31,Coastal Community Credit Union,3799-9972-9186-8265,User Licenses,2026-07-31,10,3,30
Coastal Community Credit Union|2660-7501-8080-1353|User Licenses|2024-06-30,Coastal Community Credit Union,2660-7501-8080-1353,User Licenses,2024-06-30,4,0,0
Community America Credit Union|9242-2017-2143-8800|Unattended Production License|2026-07-31,Community America Credit Union,9242-2017-2143-8800,Unattended Production License,2026-07-31,3,3,100
Community America Credit Union|3153-4630-9336-2871|Unattended Production License|2025-11-30,Community America Credit Union,3153-4630-9336-2871,Unattended Production License,2025-11-30,2,0,0
Community America Credit Union|5796-5206-5983-9993|NonProduction Robot License|2025-11-30,Community America Credit Union,5796-5206-5983-9993,NonProduction Robot License,2025-11-30,1,0,0
Community America Credit Union|9242-2017-2143-8800|Unattended Test Robot License|2026-07-31,Community America Credit Union,9242-2017-2143-8800,Unattended Test Robot License,2026-07-31,1,1,100
Community America Credit Union|5796-5206-5983-9993|Unattended Test Robot License|2025-11-30,Community America Credit Union,5796-5206-5983-9993,Unattended Test Robot License,2025-11-30,1,0,0
Community America Credit Union|5796-5206-5983-9993|User Licenses|2025-11-30,Community America Credit Union,5796-5206-5983-9993,User Licenses,2025-11-30,4,0,0
Community America Credit Union|9242-2017-2143-8800|User Licenses|2026-07-31,Community America Credit Union,9242-2017-2143-8800,User Licenses,2026-07-31,27,7,25.93
"Community Loan Servicing, LLC|4451-9167-0656-8480|Unattended Production License|2023-11-30","Community Loan Servicing, LLC",4451-9167-0656-8480,Unattended Production License,2023-11-30,23,0,0
"Community Loan Servicing, LLC|1712-8420-2310-5354|Unattended Production License|2026-07-31","Community Loan Servicing, LLC",1712-8420-2310-5354,Unattended Production License,2026-07-31,13,0,0
"Community Loan Servicing, LLC|8652-0534-1063-2156|Unattended Production License|2024-08-31","Community Loan Servicing, LLC",8652-0534-1063-2156,Unattended Production License,2024-08-31,23,0,0
"Community Loan Servicing, LLC|6609-2825-4043-3631|Unattended Production License|2026-07-31","Community Loan Servicing, LLC",6609-2825-4043-3631,Unattended Production License,2026-07-31,3,16,533.33
"Community Loan Servicing, LLC|6609-2825-4043-3631|NonProduction Robot License|2026-07-31","Community Loan Servicing, LLC",6609-2825-4043-3631,NonProduction Robot License,2026-07-31,0,6,
"Community Loan Servicing, LLC|4451-9167-0656-8480|NonProduction Robot License|2023-11-30","Community Loan Servicing, LLC",4451-9167-0656-8480,NonProduction Robot License,2023-11-30,6,0,0
"Community Loan Servicing, LLC|6609-2825-4043-3631|Unattended Test Robot License|2026-07-31","Community Loan Servicing, LLC",6609-2825-4043-3631,Unattended Test Robot License,2026-07-31,1,0,0
"Community Loan Servicing, LLC|1712-8420-2310-5354|User Licenses|2026-07-31","Community Loan Servicing, LLC",1712-8420-2310-5354,User Licenses,2026-07-31,15,0,0
"Community Loan Servicing, LLC|5912-1659-5115-4139|User Licenses|2023-11-30","Community Loan Servicing, LLC",5912-1659-5115-4139,User Licenses,2023-11-30,7,0,0
"Community Loan Servicing, LLC|6609-2825-4043-3631|User Licenses|2026-07-31","Community Loan Servicing, LLC",6609-2825-4043-3631,User Licenses,2026-07-31,8,1,12.5
"Community Loan Servicing, LLC|8652-0534-1063-2156|User Licenses|2024-08-31","Community Loan Servicing, LLC",8652-0534-1063-2156,User Licenses,2024-08-31,100,0,0
"Community Loan Servicing, LLC|1712-8420-2310-5354|AI Units|2026-07-31","Community Loan Servicing, LLC",1712-8420-2310-5354,AI Units,2026-07-31,60000,0,0
Connect First and Servus Credit Union Ltd.|2494-6675-5597-8300|Unattended Production License|2026-07-31,Connect First and Servus Credit Union Ltd.,2494-6675-5597-8300,Unattended Production License,2026-07-31,9,9,100
Connect First and Servus Credit Union Ltd.|9584-2072-3882-7503|Unattended Production License|2026-07-31,Connect First and Servus Credit Union Ltd.,9584-2072-3882-7503,Unattended Production License,2026-07-31,2,4,200
Connect First and Servus Credit Union Ltd.|8529-9647-5981-5755|Unattended Production License|2023-09-30,Connect First and Servus Credit Union Ltd.,8529-9647-5981-5755,Unattended Production License,2023-09-30,11,0,0
Connect First and Servus Credit Union Ltd.|5056-7072-2380-9772|Unattended Production License|2026-07-31,Connect First and Servus Credit Union Ltd.,5056-7072-2380-9772,Unattended Production License,2026-07-31,0,1,
Connect First and Servus Credit Union Ltd.|2494-6675-5597-8300|Unattended Test Robot License|2026-07-31,Connect First and Servus Credit Union Ltd.,2494-6675-5597-8300,Unattended Test Robot License,2026-07-31,1,0,0
Connect First and Servus Credit Union Ltd.|9584-2072-3882-7503|Unattended Test Robot License|2026-07-31,Connect First and Servus Credit Union Ltd.,9584-2072-3882-7503,Unattended Test Robot License,2026-07-31,1,0,0
Connect First and Servus Credit Union Ltd.|8529-9647-5981-5755|User Licenses|2023-09-30,Connect First and Servus Credit Union Ltd.,8529-9647-5981-5755,User Licenses,2023-09-30,77,0,0
Connect First and Servus Credit Union Ltd.|9584-2072-3882-7503|User Licenses|2026-07-31,Connect First and Servus Credit Union Ltd.,9584-2072-3882-7503,User Licenses,2026-07-31,108,2,1.85
Connect First and Servus Credit Union Ltd.|2494-6675-5597-8300|User Licenses|2026-07-31,Connect First and Servus Credit Union Ltd.,2494-6675-5597-8300,User Licenses,2026-07-31,112,3,2.68
Corebridge Financial|2135-6259-0264-4386|Unattended Production License|2026-03-31,Corebridge Financial,2135-6259-0264-4386,Unattended Production License,2026-03-31,0,2,
Corebridge Financial|3791-7693-3969-0623|Unattended Production License|2026-07-31,Corebridge Financial,3791-7693-3969-0623,Unattended Production License,2026-07-31,70,70,100
Corebridge Financial|3791-7693-3969-0623|Unattended Test Robot License|2026-07-31,Corebridge Financial,3791-7693-3969-0623,Unattended Test Robot License,2026-07-31,8,8,100
Corebridge Financial|2135-6259-0264-4386|User Licenses|2026-06-30,Corebridge Financial,2135-6259-0264-4386,User Licenses,2026-06-30,0,1,
Corebridge Financial|3791-7693-3969-0623|User Licenses|2026-07-31,Corebridge Financial,3791-7693-3969-0623,User Licenses,2026-07-31,241,46,19.09
Corebridge Financial|6121-4645-6095-2336|User Licenses|2026-04-30,Corebridge Financial,6121-4645-6095-2336,User Licenses,2026-04-30,0,11,
Corebridge Financial|3791-7693-3969-0623|AI Units|2026-08-09,Corebridge Financial,3791-7693-3969-0623,AI Units,2026-08-09,600000,360454.4,60.08
Crawford & Company|386796991516673303|Unattended Production License|2025-12-31,Crawford & Company,386796991516673303,Unattended Production License,2025-12-31,9,0,0
Crawford & Company|8470-2643-1179-3223|Unattended Production License|2025-02-28,Crawford & Company,8470-2643-1179-3223,Unattended Production License,2025-02-28,1,0,0
Crawford & Company|7493-2667-9067-2432|Unattended Production License|2026-07-31,Crawford & Company,7493-2667-9067-2432,Unattended Production License,2026-07-31,22,22,100
Crawford & Company|7493-2667-9067-2432|Unattended Test Robot License|2026-07-31,Crawford & Company,7493-2667-9067-2432,Unattended Test Robot License,2026-07-31,7,7,100
Crawford & Company|8470-2643-1179-3223|Unattended Test Robot License|2025-02-28,Crawford & Company,8470-2643-1179-3223,Unattended Test Robot License,2025-02-28,1,0,0
Crawford & Company|8470-2643-1179-3223|User Licenses|2025-02-28,Crawford & Company,8470-2643-1179-3223,User Licenses,2025-02-28,11,0,0
Crawford & Company|7493-2667-9067-2432|User Licenses|2026-07-31,Crawford & Company,7493-2667-9067-2432,User Licenses,2026-07-31,169,30,17.75
Crawford & Company|386796991516673303|User Licenses|2025-12-31,Crawford & Company,386796991516673303,User Licenses,2025-12-31,8,0,0
Crawford & Company|8470-2643-1179-3223|AI Units|2025-02-28,Crawford & Company,8470-2643-1179-3223,AI Units,2025-02-28,1,0,0
Credit One Financial|4710-7336-5180-4744|Unattended Production License|2026-07-31,Credit One Financial,4710-7336-5180-4744,Unattended Production License,2026-07-31,60,60,100
Credit One Financial|4710-7336-5180-4744|NonProduction Robot License|2026-07-31,Credit One Financial,4710-7336-5180-4744,NonProduction Robot License,2026-07-31,0,15,
Credit One Financial|4710-7336-5180-4744|Unattended Test Robot License|2026-07-31,Credit One Financial,4710-7336-5180-4744,Unattended Test Robot License,2026-07-31,25,25,100
Credit One Financial|4710-7336-5180-4744|User Licenses|2026-04-30,Credit One Financial,4710-7336-5180-4744,User Licenses,2026-04-30,101,1,0.99
Credit One Financial|8586-2689-0274-1831|User Licenses|2026-06-30,Credit One Financial,8586-2689-0274-1831,User Licenses,2026-06-30,1,0,0
Credit One Financial|4710-7336-5180-4744|AI Units|2026-05-04,Credit One Financial,4710-7336-5180-4744,AI Units,2026-05-04,60000,28.6,0.05
Credit Union ONE|8485-8955-3216-6381|Unattended Production License|2026-07-31,Credit Union ONE,8485-8955-3216-6381,Unattended Production License,2026-07-31,10,7,70
Credit Union ONE|8485-8955-3216-6381|Unattended Test Robot License|2026-07-31,Credit Union ONE,8485-8955-3216-6381,Unattended Test Robot License,2026-07-31,5,3,60
Credit Union ONE|8485-8955-3216-6381|User Licenses|2026-07-31,Credit Union ONE,8485-8955-3216-6381,User Licenses,2026-07-31,137,12,8.76
Credit Union ONE|8485-8955-3216-6381|AI Units|2026-08-08,Credit Union ONE,8485-8955-3216-6381,AI Units,2026-08-08,120000,68,0.06
Credit Union West|1462-0168-3083-3559|Unattended Production License|2026-07-31,Credit Union West,1462-0168-3083-3559,Unattended Production License,2026-07-31,2,2,100
Credit Union West|1462-0168-3083-3559|User Licenses|2026-07-31,Credit Union West,1462-0168-3083-3559,User Licenses,2026-07-31,8,3,37.5
Davidson Companies|4652-4955-5367-3276|Unattended Production License|2026-07-31,Davidson Companies,4652-4955-5367-3276,Unattended Production License,2026-07-31,4,0,0
Davidson Companies|2151-3248-6730-4955|Unattended Production License|2026-07-31,Davidson Companies,2151-3248-6730-4955,Unattended Production License,2026-07-31,21,20,95.24
Davidson Companies|1645-4038-6692-0752|Unattended Production License|2026-01-31,Davidson Companies,1645-4038-6692-0752,Unattended Production License,2026-01-31,1,0,0
Davidson Companies|2151-3248-6730-4955|Unattended Test Robot License|2026-07-31,Davidson Companies,2151-3248-6730-4955,Unattended Test Robot License,2026-07-31,2,2,100
Davidson Companies|4652-4955-5367-3276|User Licenses|2026-07-31,Davidson Companies,4652-4955-5367-3276,User Licenses,2026-07-31,4,0,0
Davidson Companies|2151-3248-6730-4955|User Licenses|2026-07-31,Davidson Companies,2151-3248-6730-4955,User Licenses,2026-07-31,271,21,7.75
Davidson Companies|1645-4038-6692-0752|User Licenses|2026-01-31,Davidson Companies,1645-4038-6692-0752,User Licenses,2026-01-31,6,0,0
Davidson Companies|2151-3248-6730-4955|Platform Units|2026-06-18,Davidson Companies,2151-3248-6730-4955,Platform Units,2026-06-18,15000,3,0.02
Dickinson Financial Corporation|8039-9264-7944-1122|Unattended Production License|2024-01-31,Dickinson Financial Corporation,8039-9264-7944-1122,Unattended Production License,2024-01-31,3,0,0
Dickinson Financial Corporation|5026-4576-7633-3970|Unattended Production License|2026-07-31,Dickinson Financial Corporation,5026-4576-7633-3970,Unattended Production License,2026-07-31,13,12,92.31
Dickinson Financial Corporation|5026-4576-7633-3970|Unattended Test Robot License|2026-07-31,Dickinson Financial Corporation,5026-4576-7633-3970,Unattended Test Robot License,2026-07-31,4,4,100
Dickinson Financial Corporation|5026-4576-7633-3970|User Licenses|2026-07-31,Dickinson Financial Corporation,5026-4576-7633-3970,User Licenses,2026-07-31,40,18,45
Dickinson Financial Corporation|5026-4576-7633-3970|AI Units|2026-08-07,Dickinson Financial Corporation,5026-4576-7633-3970,AI Units,2026-08-07,180000,85062.6,47.26
Earlham Savings Bank|3084-1124-4725-9890|Unattended Production License|2026-07-31,Earlham Savings Bank,3084-1124-4725-9890,Unattended Production License,2026-07-31,2,2,100
Earlham Savings Bank|3084-1124-4725-9890|Unattended Test Robot License|2026-07-31,Earlham Savings Bank,3084-1124-4725-9890,Unattended Test Robot License,2026-07-31,1,1,100
Earlham Savings Bank|3084-1124-4725-9890|User Licenses|2026-07-31,Earlham Savings Bank,3084-1124-4725-9890,User Licenses,2026-07-31,29,5,17.24
"Early Warning Services, LLC|9532-9899-0947-5576|Unattended Production License|2026-03-31","Early Warning Services, LLC",9532-9899-0947-5576,Unattended Production License,2026-03-31,17,0,0
"Early Warning Services, LLC|3631-2778-9504-3471|Unattended Production License|2025-01-31","Early Warning Services, LLC",3631-2778-9504-3471,Unattended Production License,2025-01-31,1,1,100
"Early Warning Services, LLC|4186-8199-2720-2086|Unattended Production License|2026-07-31","Early Warning Services, LLC",4186-8199-2720-2086,Unattended Production License,2026-07-31,17,17,100
"Early Warning Services, LLC|4186-8199-2720-2086|NonProduction Robot License|2026-07-31","Early Warning Services, LLC",4186-8199-2720-2086,NonProduction Robot License,2026-07-31,0,6,
"Early Warning Services, LLC|9532-9899-0947-5576|NonProduction Robot License|2026-03-31","Early Warning Services, LLC",9532-9899-0947-5576,NonProduction Robot License,2026-03-31,6,0,0
"Early Warning Services, LLC|9532-9899-0947-5576|Unattended Test Robot License|2026-03-31","Early Warning Services, LLC",9532-9899-0947-5576,Unattended Test Robot License,2026-03-31,5,0,0
"Early Warning Services, LLC|4186-8199-2720-2086|Unattended Test Robot License|2026-07-31","Early Warning Services, LLC",4186-8199-2720-2086,Unattended Test Robot License,2026-07-31,11,5,45.45
"Early Warning Services, LLC|3631-2778-9504-3471|Unattended Test Robot License|2025-01-31","Early Warning Services, LLC",3631-2778-9504-3471,Unattended Test Robot License,2025-01-31,1,1,100
"Early Warning Services, LLC|3631-2778-9504-3471|User Licenses|2025-02-28","Early Warning Services, LLC",3631-2778-9504-3471,User Licenses,2025-02-28,11,0,0
"Early Warning Services, LLC|4186-8199-2720-2086|User Licenses|2026-02-28","Early Warning Services, LLC",4186-8199-2720-2086,User Licenses,2026-02-28,70,1,1.43
"Early Warning Services, LLC|4186-8199-2720-2086|AI Units|2026-07-31","Early Warning Services, LLC",4186-8199-2720-2086,AI Units,2026-07-31,60000,0,0
"Early Warning Services, LLC|3631-2778-9504-3471|AI Units|2025-02-28","Early Warning Services, LLC",3631-2778-9504-3471,AI Units,2025-02-28,1,0,0
"Eldridge Industries, LLC|0727-0418-2070-7379|Unattended Production License|2026-06-30","Eldridge Industries, LLC",0727-0418-2070-7379,Unattended Production License,2026-06-30,1,0,0
"Eldridge Industries, LLC|6396-2611-3749-7358|Unattended Production License|2026-07-31","Eldridge Industries, LLC",6396-2611-3749-7358,Unattended Production License,2026-07-31,6,12,200
"Eldridge Industries, LLC|6396-2611-3749-7358|NonProduction Robot License|2026-07-31","Eldridge Industries, LLC",6396-2611-3749-7358,NonProduction Robot License,2026-07-31,0,10,
"Eldridge Industries, LLC|6396-2611-3749-7358|Unattended Test Robot License|2026-07-31","Eldridge Industries, LLC",6396-2611-3749-7358,Unattended Test Robot License,2026-07-31,4,9,225
"Eldridge Industries, LLC|0727-0418-2070-7379|Unattended Test Robot License|2026-06-30","Eldridge Industries, LLC",0727-0418-2070-7379,Unattended Test Robot License,2026-06-30,2,0,0
"Eldridge Industries, LLC|6396-2611-3749-7358|User Licenses|2026-07-31","Eldridge Industries, LLC",6396-2611-3749-7358,User Licenses,2026-07-31,42,9,21.43
Encova|386786055572765656|Unattended Production License|2023-05-31,Encova,386786055572765656,Unattended Production License,2023-05-31,4,0,0
Encova|386786055572765656|NonProduction Robot License|2023-05-31,Encova,386786055572765656,NonProduction Robot License,2023-05-31,2,0,0
Encova|4446-4981-3044-2181|User Licenses|2026-07-31,Encova,4446-4981-3044-2181,User Licenses,2026-07-31,117,2,1.71
Encova|386786055572765656|User Licenses|2023-05-31,Encova,386786055572765656,User Licenses,2023-05-31,7,0,0
Encova|4446-4981-3044-2181|AI Units|2026-08-07,Encova,4446-4981-3044-2181,AI Units,2026-08-07,360000,3426,0.95
Ent Credit Union|7880-9486-2196-7633|Unattended Production License|2026-07-31,Ent Credit Union,7880-9486-2196-7633,Unattended Production License,2026-07-31,6,6,100
Ent Credit Union|7880-9486-2196-7633|Unattended Test Robot License|2026-07-31,Ent Credit Union,7880-9486-2196-7633,Unattended Test Robot License,2026-07-31,4,4,100
Ent Credit Union|7880-9486-2196-7633|User Licenses|2026-07-31,Ent Credit Union,7880-9486-2196-7633,User Licenses,2026-07-31,63,19,30.16
Ent Credit Union|2444-8561-7462-6143|User Licenses|2023-04-30,Ent Credit Union,2444-8561-7462-6143,User Licenses,2023-04-30,10,0,0
Ent Credit Union|7880-9486-2196-7633|AI Units|2026-05-21,Ent Credit Union,7880-9486-2196-7633,AI Units,2026-05-21,60000,93,0.16
Equifax Inc.|3550-5341-7359-8764|Unattended Production License|2026-07-31,Equifax Inc.,3550-5341-7359-8764,Unattended Production License,2026-07-31,236,236,100
Equifax Inc.|6567-5821-3379-6666|Unattended Production License|2026-07-31,Equifax Inc.,6567-5821-3379-6666,Unattended Production License,2026-07-31,254,0,0
Equifax Inc.|386708087697893395|Unattended Test Robot License|2026-07-31,Equifax Inc.,386708087697893395,Unattended Test Robot License,2026-07-31,43,0,0
Equifax Inc.|3550-5341-7359-8764|Unattended Test Robot License|2026-07-31,Equifax Inc.,3550-5341-7359-8764,Unattended Test Robot License,2026-07-31,52,52,100
Equifax Inc.|7048-0650-8813-1361|Unattended Test Robot License|2026-07-31,Equifax Inc.,7048-0650-8813-1361,Unattended Test Robot License,2026-07-31,9,0,0
Equifax Inc.|6567-5821-3379-6666|User Licenses|2026-07-31,Equifax Inc.,6567-5821-3379-6666,User Licenses,2026-07-31,184,0,0
Equifax Inc.|7048-0650-8813-1361|User Licenses|2026-07-31,Equifax Inc.,7048-0650-8813-1361,User Licenses,2026-07-31,64,0,0
Equifax Inc.|2549-7033-4847-1848|User Licenses|2025-03-31,Equifax Inc.,2549-7033-4847-1848,User Licenses,2025-03-31,10,0,0
Equifax Inc.|386708087697893395|User Licenses|2026-07-31,Equifax Inc.,386708087697893395,User Licenses,2026-07-31,16,0,0
Equifax Inc.|7007-5777-4214-2627|User Licenses|2026-07-31,Equifax Inc.,7007-5777-4214-2627,User Licenses,2026-07-31,24,0,0
Equifax Inc.|3550-5341-7359-8764|User Licenses|2026-07-31,Equifax Inc.,3550-5341-7359-8764,User Licenses,2026-07-31,10848,350,3.23
Equifax Inc.|3550-5341-7359-8764|AI Units|2026-08-08,Equifax Inc.,3550-5341-7359-8764,AI Units,2026-08-08,8734143,3756602.55,43.01
Evergreen Home Loans Company|8293-8214-7479-0142|Unattended Production License|2026-07-31,Evergreen Home Loans Company,8293-8214-7479-0142,Unattended Production License,2026-07-31,5,5,100
Evergreen Home Loans Company|4646-5944-1365-6709|User Licenses|2026-07-31,Evergreen Home Loans Company,4646-5944-1365-6709,User Licenses,2026-07-31,2,0,0
Evergreen Home Loans Company|8293-8214-7479-0142|User Licenses|2026-07-31,Evergreen Home Loans Company,8293-8214-7479-0142,User Licenses,2026-07-31,127,10,7.87
Everwise Credit Union|4523-1931-7826-2840|Unattended Production License|2026-07-31,Everwise Credit Union,4523-1931-7826-2840,Unattended Production License,2026-07-31,5,5,100
Everwise Credit Union|386767887778875624|Unattended Production License|2023-09-30,Everwise Credit Union,386767887778875624,Unattended Production License,2023-09-30,5,0,0
Everwise Credit Union|386767887778875624|User Licenses|2023-09-30,Everwise Credit Union,386767887778875624,User Licenses,2023-09-30,13,0,0
Everwise Credit Union|4523-1931-7826-2840|User Licenses|2026-07-31,Everwise Credit Union,4523-1931-7826-2840,User Licenses,2026-07-31,21,10,47.62
Everwise Credit Union|4523-1931-7826-2840|AI Units|2026-08-05,Everwise Credit Union,4523-1931-7826-2840,AI Units,2026-08-05,60000,473.5,0.79
Farmer Mac|2512-7809-2583-9672|Unattended Production License|2026-07-31,Farmer Mac,2512-7809-2583-9672,Unattended Production License,2026-07-31,2,2,100
Farmer Mac|2512-7809-2583-9672|Unattended Test Robot License|2026-07-31,Farmer Mac,2512-7809-2583-9672,Unattended Test Robot License,2026-07-31,2,2,100
Farmer Mac|2512-7809-2583-9672|User Licenses|2026-07-31,Farmer Mac,2512-7809-2583-9672,User Licenses,2026-07-31,19,2,10.53
Federal Home Loan Bank of Chicago|0276-1269-7758-9895|Unattended Production License|2025-12-31,Federal Home Loan Bank of Chicago,0276-1269-7758-9895,Unattended Production License,2025-12-31,4,0,0
Federal Home Loan Bank of Chicago|8384-7935-1325-0190|Unattended Production License|2026-07-31,Federal Home Loan Bank of Chicago,8384-7935-1325-0190,Unattended Production License,2026-07-31,4,0,0
Federal Home Loan Bank of Chicago|3845-4680-3390-8351|Unattended Test Robot License|2025-12-31,Federal Home Loan Bank of Chicago,3845-4680-3390-8351,Unattended Test Robot License,2025-12-31,4,0,0
Federal Home Loan Bank of Chicago|8384-7935-1325-0190|Unattended Test Robot License|2026-07-31,Federal Home Loan Bank of Chicago,8384-7935-1325-0190,Unattended Test Robot License,2026-07-31,2,0,0
Federal Home Loan Bank of Chicago|8384-7935-1325-0190|User Licenses|2026-07-31,Federal Home Loan Bank of Chicago,8384-7935-1325-0190,User Licenses,2026-07-31,164,14,8.54
Fifth Third Bancorp|5543-4021-9187-9896|Unattended Production License|2026-07-31,Fifth Third Bancorp,5543-4021-9187-9896,Unattended Production License,2026-07-31,115,115,100
Fifth Third Bancorp|5767-0383-9132-4340|Unattended Production License|2026-07-31,Fifth Third Bancorp,5767-0383-9132-4340,Unattended Production License,2026-07-31,115,0,0
Fifth Third Bancorp|0875-7268-9367-2483|Unattended Production License|2026-07-31,Fifth Third Bancorp,0875-7268-9367-2483,Unattended Production License,2026-07-31,19,60,315.79
Fifth Third Bancorp|4562-5595-4291-1167|NonProduction Robot License|2026-03-31,Fifth Third Bancorp,4562-5595-4291-1167,NonProduction Robot License,2026-03-31,0,1,
Fifth Third Bancorp|8928-4630-7181-2999|NonProduction Robot License|2026-07-31,Fifth Third Bancorp,8928-4630-7181-2999,NonProduction Robot License,2026-07-31,13,0,0
Fifth Third Bancorp|8671-8915-2801-6045|Unattended Test Robot License|2026-07-31,Fifth Third Bancorp,8671-8915-2801-6045,Unattended Test Robot License,2026-07-31,13,0,0
Fifth Third Bancorp|3925-1186-7914-4399|Unattended Test Robot License|2026-07-31,Fifth Third Bancorp,3925-1186-7914-4399,Unattended Test Robot License,2026-07-31,18,17,94.44
Fifth Third Bancorp|8928-4630-7181-2999|Unattended Test Robot License|2026-07-31,Fifth Third Bancorp,8928-4630-7181-2999,Unattended Test Robot License,2026-07-31,5,0,0
Fifth Third Bancorp|3925-1186-7914-4399|User Licenses|2026-07-31,Fifth Third Bancorp,3925-1186-7914-4399,User Licenses,2026-07-31,114,18,15.79
Fifth Third Bancorp|5543-4021-9187-9896|User Licenses|2026-07-31,Fifth Third Bancorp,5543-4021-9187-9896,User Licenses,2026-07-31,76,28,36.84
Fifth Third Bancorp|8928-4630-7181-2999|User Licenses|2026-07-31,Fifth Third Bancorp,8928-4630-7181-2999,User Licenses,2026-07-31,22,0,0
Fifth Third Bancorp|4562-5595-4291-1167|User Licenses|2026-04-30,Fifth Third Bancorp,4562-5595-4291-1167,User Licenses,2026-04-30,10,0,0
Fifth Third Bancorp|0875-7268-9367-2483|User Licenses|2026-07-31,Fifth Third Bancorp,0875-7268-9367-2483,User Licenses,2026-07-31,23,5,21.74
Fifth Third Bancorp|5767-0383-9132-4340|User Licenses|2026-07-31,Fifth Third Bancorp,5767-0383-9132-4340,User Licenses,2026-07-31,50,0,0
Fifth Third Bancorp|5543-4021-9187-9896|AI Units|2026-08-06,Fifth Third Bancorp,5543-4021-9187-9896,AI Units,2026-08-06,275000,86.2,0.03
Fifth Third Bancorp|3925-1186-7914-4399|AI Units|2026-07-09,Fifth Third Bancorp,3925-1186-7914-4399,AI Units,2026-07-09,10000,148.4,1.48
First Bancorp|1925-7348-0683-9283|Unattended Production License|2026-07-31,First Bancorp,1925-7348-0683-9283,Unattended Production License,2026-07-31,2,2,100
First Bancorp|1925-7348-0683-9283|Unattended Test Robot License|2026-07-31,First Bancorp,1925-7348-0683-9283,Unattended Test Robot License,2026-07-31,1,1,100
First Bancorp|2473-1712-1581-7417|User Licenses|2026-03-31,First Bancorp,2473-1712-1581-7417,User Licenses,2026-03-31,1,0,0
First Bancorp|1925-7348-0683-9283|User Licenses|2026-07-31,First Bancorp,1925-7348-0683-9283,User Licenses,2026-07-31,152,18,11.84
First Bancorp|1925-7348-0683-9283|AI Units|2026-08-04,First Bancorp,1925-7348-0683-9283,AI Units,2026-08-04,705754,426.2,0.06
First Financial Bank|4505-5020-0076-9026|Unattended Production License|2025-10-31,First Financial Bank,4505-5020-0076-9026,Unattended Production License,2025-10-31,8,0,0
First Financial Bank|1738-8057-4536-5057|Unattended Production License|2026-07-31,First Financial Bank,1738-8057-4536-5057,Unattended Production License,2026-07-31,8,8,100
First Financial Bank|6731-8215-5750-8199|Unattended Test Robot License|2025-10-31,First Financial Bank,6731-8215-5750-8199,Unattended Test Robot License,2025-10-31,7,0,0
First Financial Bank|1738-8057-4536-5057|Unattended Test Robot License|2026-07-31,First Financial Bank,1738-8057-4536-5057,Unattended Test Robot License,2026-07-31,8,8,100
First Financial Bank|4505-5020-0076-9026|User Licenses|2025-10-31,First Financial Bank,4505-5020-0076-9026,User Licenses,2025-10-31,9,0,0
First Financial Bank|6731-8215-5750-8199|User Licenses|2025-10-31,First Financial Bank,6731-8215-5750-8199,User Licenses,2025-10-31,6,0,0
First Financial Bank|1738-8057-4536-5057|User Licenses|2026-07-31,First Financial Bank,1738-8057-4536-5057,User Licenses,2026-07-31,61,22,36.07
First Financial Bank|1738-8057-4536-5057|AI Units|2026-08-09,First Financial Bank,1738-8057-4536-5057,AI Units,2026-08-09,180000,18590.8,10.33
First Interstate Bank|8795-7050-6165-5217|Unattended Production License|2026-07-31,First Interstate Bank,8795-7050-6165-5217,Unattended Production License,2026-07-31,0,1,
First Interstate Bank|1480-0222-1988-1095|Unattended Production License|2026-07-31,First Interstate Bank,1480-0222-1988-1095,Unattended Production License,2026-07-31,4,0,0
First Interstate Bank|3419-2846-4196-1189|Unattended Test Robot License|2026-07-31,First Interstate Bank,3419-2846-4196-1189,Unattended Test Robot License,2026-07-31,1,0,0
First Interstate Bank|1480-0222-1988-1095|Unattended Test Robot License|2026-07-31,First Interstate Bank,1480-0222-1988-1095,Unattended Test Robot License,2026-07-31,1,0,0
First Interstate Bank|8795-7050-6165-5217|User Licenses|2026-07-31,First Interstate Bank,8795-7050-6165-5217,User Licenses,2026-07-31,11,5,45.45
First Interstate Bank|3419-2846-4196-1189|User Licenses|2026-07-31,First Interstate Bank,3419-2846-4196-1189,User Licenses,2026-07-31,3,0,0
First Interstate Bank|1480-0222-1988-1095|User Licenses|2026-07-31,First Interstate Bank,1480-0222-1988-1095,User Licenses,2026-07-31,6,0,0
First Technology Federal Credit Union|8454-3726-9797-4084|Unattended Production License|2026-07-31,First Technology Federal Credit Union,8454-3726-9797-4084,Unattended Production License,2026-07-31,13,6,46.15
First Technology Federal Credit Union|5690-7124-7631-8074|Unattended Production License|2024-07-31,First Technology Federal Credit Union,5690-7124-7631-8074,Unattended Production License,2024-07-31,1,0,0
First Technology Federal Credit Union|8454-3726-9797-4084|Unattended Test Robot License|2026-07-31,First Technology Federal Credit Union,8454-3726-9797-4084,Unattended Test Robot License,2026-07-31,2,2,100
First Technology Federal Credit Union|5690-7124-7631-8074|Unattended Test Robot License|2024-07-31,First Technology Federal Credit Union,5690-7124-7631-8074,Unattended Test Robot License,2024-07-31,1,0,0
First Technology Federal Credit Union|5690-7124-7631-8074|User Licenses|2024-07-31,First Technology Federal Credit Union,5690-7124-7631-8074,User Licenses,2024-07-31,50,0,0
First Technology Federal Credit Union|8454-3726-9797-4084|User Licenses|2026-07-31,First Technology Federal Credit Union,8454-3726-9797-4084,User Licenses,2026-07-31,39,9,23.08
First Technology Federal Credit Union|5690-7124-7631-8074|AI Units|2024-07-31,First Technology Federal Credit Union,5690-7124-7631-8074,AI Units,2024-07-31,5000,0,0
First Technology Federal Credit Union|8454-3726-9797-4084|AI Units|2026-08-09,First Technology Federal Credit Union,8454-3726-9797-4084,AI Units,2026-08-09,600000,601.6,0.1
First West Credit Union|0773-8166-1838-3393|Unattended Production License|2026-07-31,First West Credit Union,0773-8166-1838-3393,Unattended Production License,2026-07-31,4,4,100
First West Credit Union|0773-8166-1838-3393|NonProduction Robot License|2026-07-31,First West Credit Union,0773-8166-1838-3393,NonProduction Robot License,2026-07-31,0,1,
First West Credit Union|0773-8166-1838-3393|User Licenses|2026-07-31,First West Credit Union,0773-8166-1838-3393,User Licenses,2026-07-31,115,0,0
First-Citizens Bank & Trust Company|4147-9261-2398-4346|Unattended Production License|2026-07-31,First-Citizens Bank & Trust Company,4147-9261-2398-4346,Unattended Production License,2026-07-31,2,2,100
First-Citizens Bank & Trust Company|4147-9261-2398-4346|Unattended Test Robot License|2026-07-31,First-Citizens Bank & Trust Company,4147-9261-2398-4346,Unattended Test Robot License,2026-07-31,1,1,100
First-Citizens Bank & Trust Company|4496-6388-7875-2697|User Licenses|2026-07-31,First-Citizens Bank & Trust Company,4496-6388-7875-2697,User Licenses,2026-07-31,1,0,0
First-Citizens Bank & Trust Company|4147-9261-2398-4346|User Licenses|2025-04-30,First-Citizens Bank & Trust Company,4147-9261-2398-4346,User Licenses,2025-04-30,103,0,0
FirstOntario Credit Union|8913-1147-0030-4273|Unattended Production License|2026-07-31,FirstOntario Credit Union,8913-1147-0030-4273,Unattended Production License,2026-07-31,4,3,75
FirstOntario Credit Union|8913-1147-0030-4273|Unattended Test Robot License|2026-07-31,FirstOntario Credit Union,8913-1147-0030-4273,Unattended Test Robot License,2026-07-31,2,2,100
FirstOntario Credit Union|8913-1147-0030-4273|User Licenses|2026-07-31,FirstOntario Credit Union,8913-1147-0030-4273,User Licenses,2026-07-31,12,3,25
Fiserv (Global)|8101-5290-0154-3007|Unattended Production License|2026-07-31,Fiserv (Global),8101-5290-0154-3007,Unattended Production License,2026-07-31,800,400,50
Fiserv (Global)|386749070173818353|Unattended Production License|2023-03-31,Fiserv (Global),386749070173818353,Unattended Production License,2023-03-31,225,0,0
Fiserv (Global)|0281-0584-3897-6342|Unattended Production License|2026-07-31,Fiserv (Global),0281-0584-3897-6342,Unattended Production License,2026-07-31,1,0,0
Fiserv (Global)|8101-5290-0154-3007|NonProduction Robot License|2026-07-31,Fiserv (Global),8101-5290-0154-3007,NonProduction Robot License,2026-07-31,0,2,
Fiserv (Global)|8101-5290-0154-3007|Unattended Test Robot License|2026-07-31,Fiserv (Global),8101-5290-0154-3007,Unattended Test Robot License,2026-07-31,69,45,65.22
Fiserv (Global)|0281-0584-3897-6342|Unattended Test Robot License|2026-07-31,Fiserv (Global),0281-0584-3897-6342,Unattended Test Robot License,2026-07-31,1,0,0
Fiserv (Global)|8101-5290-0154-3007|User Licenses|2026-07-31,Fiserv (Global),8101-5290-0154-3007,User Licenses,2026-07-31,3404,443,13.01
Fiserv (Global)|1868-0705-6582-5806|User Licenses|2026-07-31,Fiserv (Global),1868-0705-6582-5806,User Licenses,2026-07-31,4,0,0
Fiserv (Global)|386749070173818353|User Licenses|2023-03-31,Fiserv (Global),386749070173818353,User Licenses,2023-03-31,14,0,0
Fiserv (Global)|9573-5551-2981-4780|User Licenses|2023-04-30,Fiserv (Global),9573-5551-2981-4780,User Licenses,2023-04-30,5,0,0
Fiserv (Global)|8101-5290-0154-3007|AI Units|2026-08-09,Fiserv (Global),8101-5290-0154-3007,AI Units,2026-08-09,4800000,1342474.2,27.97
Fisher Investments|386756878100262563|Unattended Production License|2023-08-31,Fisher Investments,386756878100262563,Unattended Production License,2023-08-31,36,0,0
Fisher Investments|9872-3599-7241-9767|Unattended Production License|2026-07-31,Fisher Investments,9872-3599-7241-9767,Unattended Production License,2026-07-31,25,25,100
Fisher Investments|386757866057085915|NonProduction Robot License|2023-08-31,Fisher Investments,386757866057085915,NonProduction Robot License,2023-08-31,10,0,0
Fisher Investments|9872-3599-7241-9767|Unattended Test Robot License|2026-07-31,Fisher Investments,9872-3599-7241-9767,Unattended Test Robot License,2026-07-31,15,15,100
Fisher Investments|386757866057085915|Unattended Test Robot License|2023-08-31,Fisher Investments,386757866057085915,Unattended Test Robot License,2023-08-31,10,0,0
Fisher Investments|386720614037197412|Unattended Test Robot License|2023-08-31,Fisher Investments,386720614037197412,Unattended Test Robot License,2023-08-31,5,0,0
Fisher Investments|2313-3264-9202-2730|User Licenses|2023-08-31,Fisher Investments,2313-3264-9202-2730,User Licenses,2023-08-31,65,0,0
Fisher Investments|386757866057085915|User Licenses|2023-08-31,Fisher Investments,386757866057085915,User Licenses,2023-08-31,6,0,0
Fisher Investments|386756878100262563|User Licenses|2023-08-31,Fisher Investments,386756878100262563,User Licenses,2023-08-31,65,0,0
Fisher Investments|386720614037197412|User Licenses|2023-08-31,Fisher Investments,386720614037197412,User Licenses,2023-08-31,16,0,0
Fisher Investments|386779973781091197|User Licenses|2023-08-31,Fisher Investments,386779973781091197,User Licenses,2023-08-31,32,0,0
Fisher Investments|9872-3599-7241-9767|User Licenses|2026-07-31,Fisher Investments,9872-3599-7241-9767,User Licenses,2026-07-31,141,37,26.24
Foresters Financial|8582-9604-0685-2793|Unattended Production License|2026-07-31,Foresters Financial,8582-9604-0685-2793,Unattended Production License,2026-07-31,8,8,100
Foresters Financial|386773823191793461|Unattended Production License|2026-07-31,Foresters Financial,386773823191793461,Unattended Production License,2026-07-31,8,0,0
Foresters Financial|386724496861103945|NonProduction Robot License|2026-05-31,Foresters Financial,386724496861103945,NonProduction Robot License,2026-05-31,3,0,0
Foresters Financial|8582-9604-0685-2793|Unattended Test Robot License|2026-07-31,Foresters Financial,8582-9604-0685-2793,Unattended Test Robot License,2026-07-31,6,6,100
Foresters Financial|8582-9604-0685-2793|User Licenses|2026-07-31,Foresters Financial,8582-9604-0685-2793,User Licenses,2026-07-31,32,16,50
Foresters Financial|386724496861103945|User Licenses|2026-05-31,Foresters Financial,386724496861103945,User Licenses,2026-05-31,8,0,0
Fortera Credit Union|6510-6743-5686-3460|Unattended Production License|2026-07-31,Fortera Credit Union,6510-6743-5686-3460,Unattended Production License,2026-07-31,0,2,
Fortera Credit Union|9221-2573-9015-6372|Unattended Production License|2025-11-30,Fortera Credit Union,9221-2573-9015-6372,Unattended Production License,2025-11-30,0,1,
Fortera Credit Union|9221-2573-9015-6372|User Licenses|2025-12-31,Fortera Credit Union,9221-2573-9015-6372,User Licenses,2025-12-31,0,1,
Fortera Credit Union|6510-6743-5686-3460|User Licenses|2026-07-31,Fortera Credit Union,6510-6743-5686-3460,User Licenses,2026-07-31,0,2,
"Franklin Resources, Inc.|4883-4376-2934-2047|Unattended Production License|2026-07-31","Franklin Resources, Inc.",4883-4376-2934-2047,Unattended Production License,2026-07-31,5,5,100
"Franklin Resources, Inc.|4883-4376-2934-2047|Unattended Test Robot License|2026-07-31","Franklin Resources, Inc.",4883-4376-2934-2047,Unattended Test Robot License,2026-07-31,2,2,100
"Franklin Resources, Inc.|4883-4376-2934-2047|User Licenses|2026-07-31","Franklin Resources, Inc.",4883-4376-2934-2047,User Licenses,2026-07-31,112,0,0
Fulton Financial Corporation|5706-9244-7340-9931|Unattended Production License|2026-07-31,Fulton Financial Corporation,5706-9244-7340-9931,Unattended Production License,2026-07-31,8,8,100
Fulton Financial Corporation|5706-9244-7340-9931|Unattended Test Robot License|2026-07-31,Fulton Financial Corporation,5706-9244-7340-9931,Unattended Test Robot License,2026-07-31,5,5,100
Fulton Financial Corporation|5706-9244-7340-9931|User Licenses|2026-07-31,Fulton Financial Corporation,5706-9244-7340-9931,User Licenses,2026-07-31,155,27,17.42
Fulton Financial Corporation|5706-9244-7340-9931|AI Units|2026-07-31,Fulton Financial Corporation,5706-9244-7340-9931,AI Units,2026-07-31,60000,0,0
Fédération des Caisses Desjardins du Québec|0382-5844-6241-5580|Unattended Production License|2025-06-30,Fédération des Caisses Desjardins du Québec,0382-5844-6241-5580,Unattended Production License,2025-06-30,0,5,
Fédération des Caisses Desjardins du Québec|7144-2348-3483-5155|User Licenses|2026-07-31,Fédération des Caisses Desjardins du Québec,7144-2348-3483-5155,User Licenses,2026-07-31,111,18,16.22
Fédération des Caisses Desjardins du Québec|0382-5844-6241-5580|User Licenses|2025-09-30,Fédération des Caisses Desjardins du Québec,0382-5844-6241-5580,User Licenses,2025-09-30,0,1,
Fédération des Caisses Desjardins du Québec|4141-2593-3006-3065|AI Units|2026-07-31,Fédération des Caisses Desjardins du Québec,4141-2593-3006-3065,AI Units,2026-07-31,20160000,0,0
Fédération des Caisses Desjardins du Québec|7144-2348-3483-5155|AI Units|2026-05-27,Fédération des Caisses Desjardins du Québec,7144-2348-3483-5155,AI Units,2026-05-27,21360000,24404.4,0.11
Gesa Credit Union|9171-3840-4330-5760|Unattended Production License|2023-01-31,Gesa Credit Union,9171-3840-4330-5760,Unattended Production License,2023-01-31,6,0,0
Gesa Credit Union|8810-0853-7757-2413|Unattended Production License|2026-07-31,Gesa Credit Union,8810-0853-7757-2413,Unattended Production License,2026-07-31,6,6,100
Gesa Credit Union|2838-2748-6430-7564|NonProduction Robot License|2023-01-31,Gesa Credit Union,2838-2748-6430-7564,NonProduction Robot License,2023-01-31,2,0,0
Gesa Credit Union|8810-0853-7757-2413|Unattended Test Robot License|2026-07-31,Gesa Credit Union,8810-0853-7757-2413,Unattended Test Robot License,2026-07-31,2,1,50
Gesa Credit Union|2838-2748-6430-7564|Unattended Test Robot License|2023-01-31,Gesa Credit Union,2838-2748-6430-7564,Unattended Test Robot License,2023-01-31,4,0,0
Gesa Credit Union|8810-0853-7757-2413|User Licenses|2026-07-31,Gesa Credit Union,8810-0853-7757-2413,User Licenses,2026-07-31,145,14,9.66
Gesa Credit Union|9171-3840-4330-5760|User Licenses|2023-01-31,Gesa Credit Union,9171-3840-4330-5760,User Licenses,2023-01-31,4,0,0
Gesa Credit Union|8810-0853-7757-2413|AI Units|2026-08-09,Gesa Credit Union,8810-0853-7757-2413,AI Units,2026-08-09,90000,82010.6,91.12
Global Federal Credit Union|5774-4204-0551-0994|Unattended Production License|2026-07-31,Global Federal Credit Union,5774-4204-0551-0994,Unattended Production License,2026-07-31,10,10,100
Global Federal Credit Union|5774-4204-0551-0994|Unattended Test Robot License|2026-07-31,Global Federal Credit Union,5774-4204-0551-0994,Unattended Test Robot License,2026-07-31,3,3,100
Global Federal Credit Union|3888-7999-8514-7932|Unattended Test Robot License|2026-07-31,Global Federal Credit Union,3888-7999-8514-7932,Unattended Test Robot License,2026-07-31,3,0,0
Global Federal Credit Union|3888-7999-8514-7932|User Licenses|2026-07-31,Global Federal Credit Union,3888-7999-8514-7932,User Licenses,2026-07-31,16,0,0
Global Federal Credit Union|5774-4204-0551-0994|User Licenses|2026-07-31,Global Federal Credit Union,5774-4204-0551-0994,User Licenses,2026-07-31,219,23,10.5
Global Federal Credit Union|5774-4204-0551-0994|Platform Units|2026-07-09,Global Federal Credit Union,5774-4204-0551-0994,Platform Units,2026-07-09,30000,0.675,0
Golden 1 Credit Union|3951-5996-9295-8336|Unattended Production License|2026-07-31,Golden 1 Credit Union,3951-5996-9295-8336,Unattended Production License,2026-07-31,10,0,0
Golden 1 Credit Union|2526-2071-8484-4562|Unattended Test Robot License|2026-07-31,Golden 1 Credit Union,2526-2071-8484-4562,Unattended Test Robot License,2026-07-31,4,0,0
Golden 1 Credit Union|2526-2071-8484-4562|User Licenses|2026-07-31,Golden 1 Credit Union,2526-2071-8484-4562,User Licenses,2026-07-31,42,0,0
Golden 1 Credit Union|0114-7471-4465-8916|User Licenses|2026-07-31,Golden 1 Credit Union,0114-7471-4465-8916,User Licenses,2026-07-31,111,0,0
Golden 1 Credit Union|3951-5996-9295-8336|User Licenses|2026-07-31,Golden 1 Credit Union,3951-5996-9295-8336,User Licenses,2026-07-31,111,0,0
Green Shield Canada|3225-0687-8171-3633|Unattended Production License|2025-02-28,Green Shield Canada,3225-0687-8171-3633,Unattended Production License,2025-02-28,0,1,
Green Shield Canada|1928-2859-9433-7670|Unattended Production License|2024-02-29,Green Shield Canada,1928-2859-9433-7670,Unattended Production License,2024-02-29,11,0,0
Green Shield Canada|0221-8113-9381-9766|Unattended Production License|2026-07-31,Green Shield Canada,0221-8113-9381-9766,Unattended Production License,2026-07-31,35,35,100
Green Shield Canada|2769-6350-2692-3463|Unattended Production License|2026-07-31,Green Shield Canada,2769-6350-2692-3463,Unattended Production License,2026-07-31,0,1,
Green Shield Canada|0605-5405-5545-1700|NonProduction Robot License|2024-02-29,Green Shield Canada,0605-5405-5545-1700,NonProduction Robot License,2024-02-29,4,0,0
Green Shield Canada|0221-8113-9381-9766|Unattended Test Robot License|2026-07-31,Green Shield Canada,0221-8113-9381-9766,Unattended Test Robot License,2026-07-31,5,5,100
Green Shield Canada|0605-5405-5545-1700|Unattended Test Robot License|2024-02-29,Green Shield Canada,0605-5405-5545-1700,Unattended Test Robot License,2024-02-29,4,0,0
Green Shield Canada|1928-2859-9433-7670|User Licenses|2024-02-29,Green Shield Canada,1928-2859-9433-7670,User Licenses,2024-02-29,5,0,0
Green Shield Canada|3225-0687-8171-3633|User Licenses|2024-11-30,Green Shield Canada,3225-0687-8171-3633,User Licenses,2024-11-30,0,5,
Green Shield Canada|0605-5405-5545-1700|User Licenses|2024-02-29,Green Shield Canada,0605-5405-5545-1700,User Licenses,2024-02-29,6,0,0
Green Shield Canada|0221-8113-9381-9766|User Licenses|2026-07-31,Green Shield Canada,0221-8113-9381-9766,User Licenses,2026-07-31,190,23,12.11
Green Shield Canada|0221-8113-9381-9766|AI Units|2026-05-28,Green Shield Canada,0221-8113-9381-9766,AI Units,2026-05-28,1480000,998721,67.48
"Greystone & Co., Inc.|1730-7460-5280-3327|Unattended Production License|2026-07-31","Greystone & Co., Inc.",1730-7460-5280-3327,Unattended Production License,2026-07-31,13,11,84.62
"Greystone & Co., Inc.|1730-7460-5280-3327|NonProduction Robot License|2026-07-31","Greystone & Co., Inc.",1730-7460-5280-3327,NonProduction Robot License,2026-07-31,0,5,
"Greystone & Co., Inc.|1730-7460-5280-3327|Unattended Test Robot License|2026-07-31","Greystone & Co., Inc.",1730-7460-5280-3327,Unattended Test Robot License,2026-07-31,6,0,0
"Greystone & Co., Inc.|6796-6992-8453-8830|User Licenses|2024-12-31","Greystone & Co., Inc.",6796-6992-8453-8830,User Licenses,2024-12-31,110,0,0
"Greystone & Co., Inc.|1730-7460-5280-3327|User Licenses|2026-07-31","Greystone & Co., Inc.",1730-7460-5280-3327,User Licenses,2026-07-31,210,21,10
"Greystone & Co., Inc.|1730-7460-5280-3327|AI Units|2026-07-31","Greystone & Co., Inc.",1730-7460-5280-3327,AI Units,2026-07-31,120000,0,0
"Greystone & Co., Inc.|6796-6992-8453-8830|AI Units|2024-12-31","Greystone & Co., Inc.",6796-6992-8453-8830,AI Units,2024-12-31,1,0,0
Guaranteed Rate Inc|3354-8933-8048-6059|Unattended Production License|2026-07-31,Guaranteed Rate Inc,3354-8933-8048-6059,Unattended Production License,2026-07-31,7,16,228.57
Guaranteed Rate Inc|3354-8933-8048-6059|User Licenses|2026-07-31,Guaranteed Rate Inc,3354-8933-8048-6059,User Licenses,2026-07-31,116,5,4.31
Guaranteed Rate Inc|3354-8933-8048-6059|AI Units|2026-02-10,Guaranteed Rate Inc,3354-8933-8048-6059,AI Units,2026-02-10,60000,12.2,0.02
Guild Mortgage Company|7486-3069-2620-1124|Unattended Production License|2026-07-31,Guild Mortgage Company,7486-3069-2620-1124,Unattended Production License,2026-07-31,5,5,100
Guild Mortgage Company|0695-7979-8743-5611|Unattended Production License|2025-02-28,Guild Mortgage Company,0695-7979-8743-5611,Unattended Production License,2025-02-28,1,0,0
Guild Mortgage Company|2132-8384-5410-7141|Unattended Production License|2025-02-28,Guild Mortgage Company,2132-8384-5410-7141,Unattended Production License,2025-02-28,1,0,0
Guild Mortgage Company|7486-3069-2620-1124|NonProduction Robot License|2026-07-31,Guild Mortgage Company,7486-3069-2620-1124,NonProduction Robot License,2026-07-31,0,1,
Guild Mortgage Company|0695-7979-8743-5611|NonProduction Robot License|2025-02-28,Guild Mortgage Company,0695-7979-8743-5611,NonProduction Robot License,2025-02-28,1,0,0
Guild Mortgage Company|0695-7979-8743-5611|Unattended Test Robot License|2025-02-28,Guild Mortgage Company,0695-7979-8743-5611,Unattended Test Robot License,2025-02-28,1,0,0
Guild Mortgage Company|2132-8384-5410-7141|Unattended Test Robot License|2025-02-28,Guild Mortgage Company,2132-8384-5410-7141,Unattended Test Robot License,2025-02-28,1,0,0
Guild Mortgage Company|7486-3069-2620-1124|Unattended Test Robot License|2026-07-31,Guild Mortgage Company,7486-3069-2620-1124,Unattended Test Robot License,2026-07-31,1,1,100
Guild Mortgage Company|4369-5060-0445-2658|User Licenses|2023-05-31,Guild Mortgage Company,4369-5060-0445-2658,User Licenses,2023-05-31,10,0,0
Guild Mortgage Company|2132-8384-5410-7141|User Licenses|2025-02-28,Guild Mortgage Company,2132-8384-5410-7141,User Licenses,2025-02-28,11,0,0
Guild Mortgage Company|0695-7979-8743-5611|User Licenses|2025-02-28,Guild Mortgage Company,0695-7979-8743-5611,User Licenses,2025-02-28,11,0,0
Guild Mortgage Company|7486-3069-2620-1124|User Licenses|2026-07-31,Guild Mortgage Company,7486-3069-2620-1124,User Licenses,2026-07-31,12,0,0
Guild Mortgage Company|2132-8384-5410-7141|AI Units|2025-02-28,Guild Mortgage Company,2132-8384-5410-7141,AI Units,2025-02-28,1,0,0
Guild Mortgage Company|0695-7979-8743-5611|AI Units|2025-02-28,Guild Mortgage Company,0695-7979-8743-5611,AI Units,2025-02-28,1,0,0
Guild Mortgage Company|7486-3069-2620-1124|AI Units|2026-07-31,Guild Mortgage Company,7486-3069-2620-1124,AI Units,2026-07-31,30000,0,0
"Hankey Investment Company, LP|4385-6095-2358-0121|Unattended Production License|2026-07-31","Hankey Investment Company, LP",4385-6095-2358-0121,Unattended Production License,2026-07-31,8,5,62.5
"Hankey Investment Company, LP|4385-6095-2358-0121|Unattended Test Robot License|2026-07-31","Hankey Investment Company, LP",4385-6095-2358-0121,Unattended Test Robot License,2026-07-31,6,4,66.67
"Hankey Investment Company, LP|4385-6095-2358-0121|User Licenses|2026-07-31","Hankey Investment Company, LP",4385-6095-2358-0121,User Licenses,2026-07-31,137,24,17.52
"Hankey Investment Company, LP|4385-6095-2358-0121|AI Units|2026-07-31","Hankey Investment Company, LP",4385-6095-2358-0121,AI Units,2026-07-31,60000,0,0
Hartford Fire Insurance Company|386787747908114520|Unattended Production License|2025-06-30,Hartford Fire Insurance Company,386787747908114520,Unattended Production License,2025-06-30,21,0,0
Hartford Fire Insurance Company|1310-4129-1532-2663|Unattended Production License|2026-07-31,Hartford Fire Insurance Company,1310-4129-1532-2663,Unattended Production License,2026-07-31,21,19,90.48
Hartford Fire Insurance Company|3461-9156-9121-2218|NonProduction Robot License|2025-06-30,Hartford Fire Insurance Company,3461-9156-9121-2218,NonProduction Robot License,2025-06-30,11,0,0
Hartford Fire Insurance Company|1310-4129-1532-2663|NonProduction Robot License|2026-07-31,Hartford Fire Insurance Company,1310-4129-1532-2663,NonProduction Robot License,2026-07-31,0,7,
Hartford Fire Insurance Company|1310-4129-1532-2663|Unattended Test Robot License|2026-07-31,Hartford Fire Insurance Company,1310-4129-1532-2663,Unattended Test Robot License,2026-07-31,13,2,15.38
Hartford Fire Insurance Company|3461-9156-9121-2218|User Licenses|2025-06-30,Hartford Fire Insurance Company,3461-9156-9121-2218,User Licenses,2025-06-30,59,0,0
Hartford Fire Insurance Company|1310-4129-1532-2663|User Licenses|2026-07-31,Hartford Fire Insurance Company,1310-4129-1532-2663,User Licenses,2026-07-31,433,205,47.34
Hartford Fire Insurance Company|386787747908114520|User Licenses|2025-06-30,Hartford Fire Insurance Company,386787747908114520,User Licenses,2025-06-30,178,0,0
Hartford Fire Insurance Company|1310-4129-1532-2663|AI Units|2026-07-09,Hartford Fire Insurance Company,1310-4129-1532-2663,AI Units,2026-07-09,300000,70,0.02
Hilltop Holdings Inc.|2233-1874-3200-7135|Unattended Production License|2023-04-30,Hilltop Holdings Inc.,2233-1874-3200-7135,Unattended Production License,2023-04-30,7,0,0
Hilltop Holdings Inc.|6924-0680-7071-7674|Unattended Production License|2026-07-31,Hilltop Holdings Inc.,6924-0680-7071-7674,Unattended Production License,2026-07-31,6,6,100
Hilltop Holdings Inc.|8281-6391-8757-8713|NonProduction Robot License|2023-04-30,Hilltop Holdings Inc.,8281-6391-8757-8713,NonProduction Robot License,2023-04-30,10,0,0
Hilltop Holdings Inc.|6924-0680-7071-7674|Unattended Test Robot License|2026-07-31,Hilltop Holdings Inc.,6924-0680-7071-7674,Unattended Test Robot License,2026-07-31,8,8,100
Hilltop Holdings Inc.|8281-6391-8757-8713|User Licenses|2023-04-30,Hilltop Holdings Inc.,8281-6391-8757-8713,User Licenses,2023-04-30,11,0,0
Hilltop Holdings Inc.|1991-4728-9357-1424|User Licenses|2023-09-30,Hilltop Holdings Inc.,1991-4728-9357-1424,User Licenses,2023-09-30,2,0,0
Hilltop Holdings Inc.|2233-1874-3200-7135|User Licenses|2023-04-30,Hilltop Holdings Inc.,2233-1874-3200-7135,User Licenses,2023-04-30,7,0,0
Hilltop Holdings Inc.|6924-0680-7071-7674|User Licenses|2026-07-31,Hilltop Holdings Inc.,6924-0680-7071-7674,User Licenses,2026-07-31,115,0,0
Hudson Valley Federal Credit Union|7780-8759-8226-7825|Unattended Production License|2026-07-31,Hudson Valley Federal Credit Union,7780-8759-8226-7825,Unattended Production License,2026-07-31,17,17,100
Hudson Valley Federal Credit Union|7780-8759-8226-7825|User Licenses|2026-07-31,Hudson Valley Federal Credit Union,7780-8759-8226-7825,User Licenses,2026-07-31,135,12,8.89
Hudson Valley Federal Credit Union|7780-8759-8226-7825|AI Units|2026-07-31,Hudson Valley Federal Credit Union,7780-8759-8226-7825,AI Units,2026-07-31,300000,0,0
Interra Credit Union|1820-6017-8006-7120|Unattended Production License|2025-11-30,Interra Credit Union,1820-6017-8006-7120,Unattended Production License,2025-11-30,0,1,
Interra Credit Union|4681-8293-2089-6300|Unattended Production License|2026-07-31,Interra Credit Union,4681-8293-2089-6300,Unattended Production License,2026-07-31,1,1,100
Interra Credit Union|4681-8293-2089-6300|Unattended Test Robot License|2026-07-31,Interra Credit Union,4681-8293-2089-6300,Unattended Test Robot License,2026-07-31,1,1,100
Interra Credit Union|4681-8293-2089-6300|User Licenses|2026-07-31,Interra Credit Union,4681-8293-2089-6300,User Licenses,2026-07-31,19,25,131.58
Interra Credit Union|1820-6017-8006-7120|User Licenses|2025-12-31,Interra Credit Union,1820-6017-8006-7120,User Licenses,2025-12-31,0,9,
Intrust Financial Corporation|3060-0217-4780-4748|Unattended Production License|2025-10-31,Intrust Financial Corporation,3060-0217-4780-4748,Unattended Production License,2025-10-31,7,0,0
Intrust Financial Corporation|8991-3365-7095-7324|Unattended Production License|2026-07-31,Intrust Financial Corporation,8991-3365-7095-7324,Unattended Production License,2026-07-31,8,8,100
Intrust Financial Corporation|3060-0217-4780-4748|Unattended Test Robot License|2025-10-31,Intrust Financial Corporation,3060-0217-4780-4748,Unattended Test Robot License,2025-10-31,3,0,0
Intrust Financial Corporation|8991-3365-7095-7324|User Licenses|2026-07-31,Intrust Financial Corporation,8991-3365-7095-7324,User Licenses,2026-07-31,31,11,35.48
Jefferies|5147-8386-5350-0762|Unattended Production License|2024-01-31,Jefferies,5147-8386-5350-0762,Unattended Production License,2024-01-31,12,0,0
Jefferies|3772-1681-2024-3478|Unattended Production License|2026-07-31,Jefferies,3772-1681-2024-3478,Unattended Production License,2026-07-31,22,22,100
Jefferies|7989-2208-7010-9297|Unattended Production License|2026-07-31,Jefferies,7989-2208-7010-9297,Unattended Production License,2026-07-31,1,5,500
Jefferies|7989-2208-7010-9297|NonProduction Robot License|2026-07-31,Jefferies,7989-2208-7010-9297,NonProduction Robot License,2026-07-31,0,5,
Jefferies|8850-9789-7541-4524|Unattended Test Robot License|2024-01-31,Jefferies,8850-9789-7541-4524,Unattended Test Robot License,2024-01-31,4,0,0
Jefferies|3772-1681-2024-3478|Unattended Test Robot License|2026-07-31,Jefferies,3772-1681-2024-3478,Unattended Test Robot License,2026-07-31,16,16,100
Jefferies|7989-2208-7010-9297|Unattended Test Robot License|2026-07-31,Jefferies,7989-2208-7010-9297,Unattended Test Robot License,2026-07-31,1,5,500
Jefferies|7972-8442-7683-3106|Unattended Test Robot License|2024-01-31,Jefferies,7972-8442-7683-3106,Unattended Test Robot License,2024-01-31,9,0,0
Jefferies|3639-2181-2431-0708|User Licenses|2024-01-31,Jefferies,3639-2181-2431-0708,User Licenses,2024-01-31,2,0,0
Jefferies|8850-9789-7541-4524|User Licenses|2024-01-31,Jefferies,8850-9789-7541-4524,User Licenses,2024-01-31,16,0,0
Jefferies|3772-1681-2024-3478|User Licenses|2026-07-31,Jefferies,3772-1681-2024-3478,User Licenses,2026-07-31,235,21,8.94
Jefferies|7989-2208-7010-9297|User Licenses|2025-06-30,Jefferies,7989-2208-7010-9297,User Licenses,2025-06-30,0,1,
Jefferies|3772-1681-2024-3478|AI Units|2026-08-09,Jefferies,3772-1681-2024-3478,AI Units,2026-08-09,540000,30216.65,5.6
Jones Lang LaSalle Incorporated (Global)|7328-7719-9279-7456|Unattended Production License|2026-07-31,Jones Lang LaSalle Incorporated (Global),7328-7719-9279-7456,Unattended Production License,2026-07-31,2,1,50
Jones Lang LaSalle Incorporated (Global)|2163-9824-8021-3361|Unattended Production License|2026-07-31,Jones Lang LaSalle Incorporated (Global),2163-9824-8021-3361,Unattended Production License,2026-07-31,0,5,
Jones Lang LaSalle Incorporated (Global)|7328-7719-9279-7456|Unattended Test Robot License|2026-07-31,Jones Lang LaSalle Incorporated (Global),7328-7719-9279-7456,Unattended Test Robot License,2026-07-31,2,1,50
Jones Lang LaSalle Incorporated (Global)|2163-9824-8021-3361|Unattended Test Robot License|2026-07-31,Jones Lang LaSalle Incorporated (Global),2163-9824-8021-3361,Unattended Test Robot License,2026-07-31,1,4,400
Jones Lang LaSalle Incorporated (Global)|7328-7719-9279-7456|User Licenses|2026-07-31,Jones Lang LaSalle Incorporated (Global),7328-7719-9279-7456,User Licenses,2026-07-31,29,1,3.45
Jones Lang LaSalle Incorporated (Global)|2163-9824-8021-3361|User Licenses|2026-07-31,Jones Lang LaSalle Incorporated (Global),2163-9824-8021-3361,User Licenses,2026-07-31,104,2,1.92
Jones Lang LaSalle Incorporated (Global)|7328-7719-9279-7456|Platform Units|2026-07-31,Jones Lang LaSalle Incorporated (Global),7328-7719-9279-7456,Platform Units,2026-07-31,8000,0,0
Keycorp|6820-7483-6948-0441|Unattended Production License|2026-07-31,Keycorp,6820-7483-6948-0441,Unattended Production License,2026-07-31,2,2,100
Keycorp|6820-7483-6948-0441|Unattended Test Robot License|2026-07-31,Keycorp,6820-7483-6948-0441,Unattended Test Robot License,2026-07-31,1,1,100
Keycorp|6820-7483-6948-0441|User Licenses|2026-07-31,Keycorp,6820-7483-6948-0441,User Licenses,2026-07-31,19,1,5.26
Kohlberg Kravis Roberts & Co. L.P.|7538-8432-4560-2869|Unattended Production License|2025-10-31,Kohlberg Kravis Roberts & Co. L.P.,7538-8432-4560-2869,Unattended Production License,2025-10-31,5,5,100
Kohlberg Kravis Roberts & Co. L.P.|7830-5690-9947-3154|Unattended Production License|2026-07-31,Kohlberg Kravis Roberts & Co. L.P.,7830-5690-9947-3154,Unattended Production License,2026-07-31,26,26,100
Kohlberg Kravis Roberts & Co. L.P.|386722159830059374|Unattended Production License|2024-10-31,Kohlberg Kravis Roberts & Co. L.P.,386722159830059374,Unattended Production License,2024-10-31,4,0,0
Kohlberg Kravis Roberts & Co. L.P.|9533-9084-6512-6733|Unattended Production License|2026-07-31,Kohlberg Kravis Roberts & Co. L.P.,9533-9084-6512-6733,Unattended Production License,2026-07-31,1,0,0
Kohlberg Kravis Roberts & Co. L.P.|6777-2443-7583-9077|Unattended Production License|2026-07-31,Kohlberg Kravis Roberts & Co. L.P.,6777-2443-7583-9077,Unattended Production License,2026-07-31,2,2,100
Kohlberg Kravis Roberts & Co. L.P.|6777-2443-7583-9077|Unattended Test Robot License|2026-07-31,Kohlberg Kravis Roberts & Co. L.P.,6777-2443-7583-9077,Unattended Test Robot License,2026-07-31,2,2,100
Kohlberg Kravis Roberts & Co. L.P.|7830-5690-9947-3154|Unattended Test Robot License|2026-07-31,Kohlberg Kravis Roberts & Co. L.P.,7830-5690-9947-3154,Unattended Test Robot License,2026-07-31,10,7,70
Kohlberg Kravis Roberts & Co. L.P.|7538-8432-4560-2869|Unattended Test Robot License|2025-10-31,Kohlberg Kravis Roberts & Co. L.P.,7538-8432-4560-2869,Unattended Test Robot License,2025-10-31,5,5,100
Kohlberg Kravis Roberts & Co. L.P.|9533-9084-6512-6733|Unattended Test Robot License|2026-07-31,Kohlberg Kravis Roberts & Co. L.P.,9533-9084-6512-6733,Unattended Test Robot License,2026-07-31,1,0,0
Kohlberg Kravis Roberts & Co. L.P.|3662-3031-5124-1081|Unattended Test Robot License|2024-10-31,Kohlberg Kravis Roberts & Co. L.P.,3662-3031-5124-1081,Unattended Test Robot License,2024-10-31,4,0,0
Kohlberg Kravis Roberts & Co. L.P.|7830-5690-9947-3154|User Licenses|2026-07-31,Kohlberg Kravis Roberts & Co. L.P.,7830-5690-9947-3154,User Licenses,2026-07-31,60,0,0
Kohlberg Kravis Roberts & Co. L.P.|7538-8432-4560-2869|User Licenses|2025-10-31,Kohlberg Kravis Roberts & Co. L.P.,7538-8432-4560-2869,User Licenses,2025-10-31,156,12,7.69
Kohlberg Kravis Roberts & Co. L.P.|386722159830059374|User Licenses|2024-10-31,Kohlberg Kravis Roberts & Co. L.P.,386722159830059374,User Licenses,2024-10-31,1,0,0
Kohlberg Kravis Roberts & Co. L.P.|4051-5204-8965-9852|User Licenses|2023-10-31,Kohlberg Kravis Roberts & Co. L.P.,4051-5204-8965-9852,User Licenses,2023-10-31,4,0,0
Kohlberg Kravis Roberts & Co. L.P.|3662-3031-5124-1081|User Licenses|2024-10-31,Kohlberg Kravis Roberts & Co. L.P.,3662-3031-5124-1081,User Licenses,2024-10-31,4,0,0
Kohlberg Kravis Roberts & Co. L.P.|6777-2443-7583-9077|User Licenses|2026-07-31,Kohlberg Kravis Roberts & Co. L.P.,6777-2443-7583-9077,User Licenses,2026-07-31,108,4,3.7
Kohlberg Kravis Roberts & Co. L.P.|7830-5690-9947-3154|AI Units|2026-08-08,Kohlberg Kravis Roberts & Co. L.P.,7830-5690-9947-3154,AI Units,2026-08-08,150000,60740,40.49
Kohlberg Kravis Roberts & Co. L.P.|7538-8432-4560-2869|Platform Units|2026-07-24,Kohlberg Kravis Roberts & Co. L.P.,7538-8432-4560-2869,Platform Units,2026-07-24,40220,1603.28,3.99
Lake Michigan Credit Union|7123-7855-6281-6715|Unattended Production License|2026-07-31,Lake Michigan Credit Union,7123-7855-6281-6715,Unattended Production License,2026-07-31,18,18,100
Lake Michigan Credit Union|7123-7855-6281-6715|Unattended Test Robot License|2026-07-31,Lake Michigan Credit Union,7123-7855-6281-6715,Unattended Test Robot License,2026-07-31,6,6,100
Lake Michigan Credit Union|6633-1167-4891-4757|User Licenses|2025-11-30,Lake Michigan Credit Union,6633-1167-4891-4757,User Licenses,2025-11-30,1,0,0
Lake Michigan Credit Union|7123-7855-6281-6715|User Licenses|2026-07-31,Lake Michigan Credit Union,7123-7855-6281-6715,User Licenses,2026-07-31,182,29,15.93
Lake Michigan Credit Union|7123-7855-6281-6715|AI Units|2026-08-07,Lake Michigan Credit Union,7123-7855-6281-6715,AI Units,2026-08-07,1300000,46638.6,3.59
Lazard|4479-7341-4237-9492|Unattended Production License|2026-07-31,Lazard,4479-7341-4237-9492,Unattended Production License,2026-07-31,25,25,100
Lazard|4479-7341-4237-9492|Unattended Test Robot License|2026-07-31,Lazard,4479-7341-4237-9492,Unattended Test Robot License,2026-07-31,30,5,16.67
Lazard|4479-7341-4237-9492|User Licenses|2026-07-31,Lazard,4479-7341-4237-9492,User Licenses,2026-07-31,406,33,8.13
Lazard|4479-7341-4237-9492|AI Units|2026-08-07,Lazard,4479-7341-4237-9492,AI Units,2026-08-07,480000,88,0.02
Liberty Mutual Holding Company Inc.|7837-4822-6724-8403|Unattended Production License|2026-07-31,Liberty Mutual Holding Company Inc.,7837-4822-6724-8403,Unattended Production License,2026-07-31,14,14,100
Liberty Mutual Holding Company Inc.|3501-6645-7674-5369|Unattended Production License|2026-07-31,Liberty Mutual Holding Company Inc.,3501-6645-7674-5369,Unattended Production License,2026-07-31,424,200,47.17
Liberty Mutual Holding Company Inc.|6932-0399-9232-8350|NonProduction Robot License|2026-01-31,Liberty Mutual Holding Company Inc.,6932-0399-9232-8350,NonProduction Robot License,2026-01-31,0,2,
Liberty Mutual Holding Company Inc.|3501-6645-7674-5369|NonProduction Robot License|2026-07-31,Liberty Mutual Holding Company Inc.,3501-6645-7674-5369,NonProduction Robot License,2026-07-31,126,0,0
Liberty Mutual Holding Company Inc.|3501-6645-7674-5369|Unattended Test Robot License|2026-07-31,Liberty Mutual Holding Company Inc.,3501-6645-7674-5369,Unattended Test Robot License,2026-07-31,122,126,103.28
Liberty Mutual Holding Company Inc.|7837-4822-6724-8403|User Licenses|2026-07-31,Liberty Mutual Holding Company Inc.,7837-4822-6724-8403,User Licenses,2026-07-31,116,10,8.62
Liberty Mutual Holding Company Inc.|6932-0399-9232-8350|User Licenses|2026-01-31,Liberty Mutual Holding Company Inc.,6932-0399-9232-8350,User Licenses,2026-01-31,0,1,
Liberty Mutual Holding Company Inc.|3501-6645-7674-5369|User Licenses|2026-07-31,Liberty Mutual Holding Company Inc.,3501-6645-7674-5369,User Licenses,2026-07-31,5082,310,6.1
Liberty Mutual Holding Company Inc.|3501-6645-7674-5369|Platform Units|2026-08-09,Liberty Mutual Holding Company Inc.,3501-6645-7674-5369,Platform Units,2026-08-09,3450000,76516.943666667,2.22
Loews Corporation|9439-9400-9456-5696|Unattended Production License|2026-07-31,Loews Corporation,9439-9400-9456-5696,Unattended Production License,2026-07-31,3,3,100
Loews Corporation|6017-6342-8085-7865|Unattended Production License|2023-05-31,Loews Corporation,6017-6342-8085-7865,Unattended Production License,2023-05-31,1,0,0
Loews Corporation|9439-9400-9456-5696|Unattended Test Robot License|2026-07-31,Loews Corporation,9439-9400-9456-5696,Unattended Test Robot License,2026-07-31,3,3,100
Loews Corporation|6017-6342-8085-7865|User Licenses|2023-05-31,Loews Corporation,6017-6342-8085-7865,User Licenses,2023-05-31,3,0,0
Loews Corporation|9439-9400-9456-5696|User Licenses|2026-07-31,Loews Corporation,9439-9400-9456-5696,User Licenses,2026-07-31,12,5,41.67
Madison Resources|4474-4630-5363-4450|Unattended Production License|2026-07-31,Madison Resources,4474-4630-5363-4450,Unattended Production License,2026-07-31,2,2,100
Madison Resources|4474-4630-5363-4450|Unattended Test Robot License|2026-07-31,Madison Resources,4474-4630-5363-4450,Unattended Test Robot License,2026-07-31,1,1,100
Madison Resources|4474-4630-5363-4450|User Licenses|2026-07-31,Madison Resources,4474-4630-5363-4450,User Licenses,2026-07-31,39,6,15.38
Madison Resources|4474-4630-5363-4450|Platform Units|2026-08-08,Madison Resources,4474-4630-5363-4450,Platform Units,2026-08-08,350000,444.304,0.13
Manulife Financial Corporation|1518-5600-0693-1533|Unattended Production License|2026-07-31,Manulife Financial Corporation,1518-5600-0693-1533,Unattended Production License,2026-07-31,5,3,60
Manulife Financial Corporation|1518-5600-0693-1533|User Licenses|2026-07-31,Manulife Financial Corporation,1518-5600-0693-1533,User Licenses,2026-07-31,36,7,19.44
Manulife Financial Corporation|8559-3932-5443-4638|User Licenses|2026-07-31,Manulife Financial Corporation,8559-3932-5443-4638,User Licenses,2026-07-31,51,20,39.22
Manulife Financial Corporation|1518-5600-0693-1533|AI Units|2026-03-27,Manulife Financial Corporation,1518-5600-0693-1533,AI Units,2026-03-27,1020000,27,0
Massachusetts Mutual Life Insurance Company|2702-1451-1423-9671|Unattended Production License|2024-06-30,Massachusetts Mutual Life Insurance Company,2702-1451-1423-9671,Unattended Production License,2024-06-30,255,0,0
Massachusetts Mutual Life Insurance Company|3205-0350-0126-2445|Unattended Production License|2024-06-30,Massachusetts Mutual Life Insurance Company,3205-0350-0126-2445,Unattended Production License,2024-06-30,10,0,0
Massachusetts Mutual Life Insurance Company|8445-8295-2601-6232|Unattended Production License|2026-07-31,Massachusetts Mutual Life Insurance Company,8445-8295-2601-6232,Unattended Production License,2026-07-31,400,400,100
Massachusetts Mutual Life Insurance Company|3692-2096-6242-3922|NonProduction Robot License|2024-10-31,Massachusetts Mutual Life Insurance Company,3692-2096-6242-3922,NonProduction Robot License,2024-10-31,0,2,
Massachusetts Mutual Life Insurance Company|0798-4786-1589-1226|NonProduction Robot License|2024-06-30,Massachusetts Mutual Life Insurance Company,0798-4786-1589-1226,NonProduction Robot License,2024-06-30,5,0,0
Massachusetts Mutual Life Insurance Company|3761-2591-1444-5243|NonProduction Robot License|2024-06-30,Massachusetts Mutual Life Insurance Company,3761-2591-1444-5243,NonProduction Robot License,2024-06-30,45,0,0
Massachusetts Mutual Life Insurance Company|5440-1528-3185-2315|NonProduction Robot License|2026-07-31,Massachusetts Mutual Life Insurance Company,5440-1528-3185-2315,NonProduction Robot License,2026-07-31,48,2,4.17
Massachusetts Mutual Life Insurance Company|0798-4786-1589-1226|Unattended Test Robot License|2024-06-30,Massachusetts Mutual Life Insurance Company,0798-4786-1589-1226,Unattended Test Robot License,2024-06-30,50,0,0
Massachusetts Mutual Life Insurance Company|5440-1528-3185-2315|Unattended Test Robot License|2026-07-31,Massachusetts Mutual Life Insurance Company,5440-1528-3185-2315,Unattended Test Robot License,2026-07-31,138,95,68.84
Massachusetts Mutual Life Insurance Company|8445-8295-2601-6232|User Licenses|2026-07-31,Massachusetts Mutual Life Insurance Company,8445-8295-2601-6232,User Licenses,2026-07-31,966,6,0.62
Massachusetts Mutual Life Insurance Company|2702-1451-1423-9671|User Licenses|2024-06-30,Massachusetts Mutual Life Insurance Company,2702-1451-1423-9671,User Licenses,2024-06-30,518,0,0
Massachusetts Mutual Life Insurance Company|3205-0350-0126-2445|User Licenses|2024-06-30,Massachusetts Mutual Life Insurance Company,3205-0350-0126-2445,User Licenses,2024-06-30,27,0,0
Massachusetts Mutual Life Insurance Company|0916-4191-8617-3787|User Licenses|2026-01-31,Massachusetts Mutual Life Insurance Company,0916-4191-8617-3787,User Licenses,2026-01-31,0,2,
Massachusetts Mutual Life Insurance Company|5440-1528-3185-2315|User Licenses|2026-07-31,Massachusetts Mutual Life Insurance Company,5440-1528-3185-2315,User Licenses,2026-07-31,821,144,17.54
Massachusetts Mutual Life Insurance Company|3761-2591-1444-5243|User Licenses|2024-06-30,Massachusetts Mutual Life Insurance Company,3761-2591-1444-5243,User Licenses,2024-06-30,75,0,0
Massachusetts Mutual Life Insurance Company|0798-4786-1589-1226|User Licenses|2024-06-30,Massachusetts Mutual Life Insurance Company,0798-4786-1589-1226,User Licenses,2024-06-30,36,0,0
Massachusetts Mutual Life Insurance Company|3205-0350-0126-2445|AI Units|2024-06-30,Massachusetts Mutual Life Insurance Company,3205-0350-0126-2445,AI Units,2024-06-30,60000,0,0
Massachusetts Mutual Life Insurance Company|8445-8295-2601-6232|AI Units|2026-08-07,Massachusetts Mutual Life Insurance Company,8445-8295-2601-6232,AI Units,2026-08-07,720000,117385,16.3
Massachusetts Mutual Life Insurance Company|5440-1528-3185-2315|AI Units|2026-08-07,Massachusetts Mutual Life Insurance Company,5440-1528-3185-2315,AI Units,2026-08-07,120000,18060.5,15.05
Midland Financial Co.|3698-2323-4496-8077|Unattended Production License|2024-12-31,Midland Financial Co.,3698-2323-4496-8077,Unattended Production License,2024-12-31,25,0,0
Midland Financial Co.|7886-9040-1665-1792|Unattended Production License|2026-07-31,Midland Financial Co.,7886-9040-1665-1792,Unattended Production License,2026-07-31,26,25,96.15
Midland Financial Co.|3149-0822-9342-0265|Unattended Production License|2026-07-31,Midland Financial Co.,3149-0822-9342-0265,Unattended Production License,2026-07-31,0,1,
Midland Financial Co.|7207-7266-3193-4939|Unattended Production License|2026-07-31,Midland Financial Co.,7207-7266-3193-4939,Unattended Production License,2026-07-31,0,1,
Midland Financial Co.|7886-9040-1665-1792|Unattended Test Robot License|2026-07-31,Midland Financial Co.,7886-9040-1665-1792,Unattended Test Robot License,2026-07-31,10,10,100
Midland Financial Co.|4550-8446-1204-9363|Unattended Test Robot License|2024-12-31,Midland Financial Co.,4550-8446-1204-9363,Unattended Test Robot License,2024-12-31,10,0,0
Midland Financial Co.|3698-2323-4496-8077|User Licenses|2024-12-31,Midland Financial Co.,3698-2323-4496-8077,User Licenses,2024-12-31,10,0,0
Midland Financial Co.|4550-8446-1204-9363|User Licenses|2024-12-31,Midland Financial Co.,4550-8446-1204-9363,User Licenses,2024-12-31,1,0,0
Midland Financial Co.|3664-3526-9156-5178|User Licenses|2024-12-31,Midland Financial Co.,3664-3526-9156-5178,User Licenses,2024-12-31,19,0,0
Midland Financial Co.|7886-9040-1665-1792|User Licenses|2026-07-31,Midland Financial Co.,7886-9040-1665-1792,User Licenses,2026-07-31,100,22,22
Midland Financial Co.|7886-9040-1665-1792|Platform Units|2026-08-07,Midland Financial Co.,7886-9040-1665-1792,Platform Units,2026-08-07,24350,9151.8,37.58
Midland States Bank|1551-2157-0593-2934|Unattended Production License|2026-07-31,Midland States Bank,1551-2157-0593-2934,Unattended Production License,2026-07-31,7,7,100
Midland States Bank|1551-2157-0593-2934|Unattended Test Robot License|2026-07-31,Midland States Bank,1551-2157-0593-2934,Unattended Test Robot License,2026-07-31,3,0,0
Midland States Bank|1551-2157-0593-2934|User Licenses|2026-07-31,Midland States Bank,1551-2157-0593-2934,User Licenses,2026-07-31,163,45,27.61
Midland States Bank|1551-2157-0593-2934|AI Units|2026-08-07,Midland States Bank,1551-2157-0593-2934,AI Units,2026-08-07,120000,7701.8,6.42
"Midwestone Financial Group, Inc.|6743-9105-8024-2735|Unattended Production License|2026-07-31","Midwestone Financial Group, Inc.",6743-9105-8024-2735,Unattended Production License,2026-07-31,5,5,100
"Midwestone Financial Group, Inc.|6743-9105-8024-2735|Unattended Test Robot License|2026-07-31","Midwestone Financial Group, Inc.",6743-9105-8024-2735,Unattended Test Robot License,2026-07-31,4,4,100
"Midwestone Financial Group, Inc.|6743-9105-8024-2735|User Licenses|2026-07-31","Midwestone Financial Group, Inc.",6743-9105-8024-2735,User Licenses,2026-07-31,127,6,4.72
"Minnesota Mutual Companies, Inc.|386782465858217025|Unattended Production License|2026-07-31","Minnesota Mutual Companies, Inc.",386782465858217025,Unattended Production License,2026-07-31,70,0,0
"Minnesota Mutual Companies, Inc.|5982-8308-5034-5454|Unattended Production License|2026-07-31","Minnesota Mutual Companies, Inc.",5982-8308-5034-5454,Unattended Production License,2026-07-31,0,5,
"Minnesota Mutual Companies, Inc.|5198-6601-6390-8269|Unattended Production License|2026-07-31","Minnesota Mutual Companies, Inc.",5198-6601-6390-8269,Unattended Production License,2026-07-31,24,24,100
"Minnesota Mutual Companies, Inc.|3213-3028-1930-6784|Unattended Production License|2025-02-28","Minnesota Mutual Companies, Inc.",3213-3028-1930-6784,Unattended Production License,2025-02-28,1,0,0
"Minnesota Mutual Companies, Inc.|0409-0042-8241-1007|Unattended Production License|2026-07-31","Minnesota Mutual Companies, Inc.",0409-0042-8241-1007,Unattended Production License,2026-07-31,8,8,100
"Minnesota Mutual Companies, Inc.|5982-8308-5034-5454|NonProduction Robot License|2026-07-31","Minnesota Mutual Companies, Inc.",5982-8308-5034-5454,NonProduction Robot License,2026-07-31,0,5,
"Minnesota Mutual Companies, Inc.|0409-0042-8241-1007|NonProduction Robot License|2026-07-31","Minnesota Mutual Companies, Inc.",0409-0042-8241-1007,NonProduction Robot License,2026-07-31,1,1,100
"Minnesota Mutual Companies, Inc.|3213-3028-1930-6784|Unattended Test Robot License|2025-02-28","Minnesota Mutual Companies, Inc.",3213-3028-1930-6784,Unattended Test Robot License,2025-02-28,1,0,0
"Minnesota Mutual Companies, Inc.|5198-6601-6390-8269|Unattended Test Robot License|2026-07-31","Minnesota Mutual Companies, Inc.",5198-6601-6390-8269,Unattended Test Robot License,2026-07-31,4,4,100
"Minnesota Mutual Companies, Inc.|0409-0042-8241-1007|Unattended Test Robot License|2026-07-31","Minnesota Mutual Companies, Inc.",0409-0042-8241-1007,Unattended Test Robot License,2026-07-31,2,2,100
"Minnesota Mutual Companies, Inc.|386796189881543684|Unattended Test Robot License|2026-07-31","Minnesota Mutual Companies, Inc.",386796189881543684,Unattended Test Robot License,2026-07-31,3,0,0
"Minnesota Mutual Companies, Inc.|386796189881543684|User Licenses|2026-07-31","Minnesota Mutual Companies, Inc.",386796189881543684,User Licenses,2026-07-31,10,0,0
"Minnesota Mutual Companies, Inc.|6115-4032-6514-9626|User Licenses|2025-01-31","Minnesota Mutual Companies, Inc.",6115-4032-6514-9626,User Licenses,2025-01-31,0,1,
"Minnesota Mutual Companies, Inc.|0409-0042-8241-1007|User Licenses|2026-07-31","Minnesota Mutual Companies, Inc.",0409-0042-8241-1007,User Licenses,2026-07-31,128,0,0
"Minnesota Mutual Companies, Inc.|3213-3028-1930-6784|User Licenses|2025-02-28","Minnesota Mutual Companies, Inc.",3213-3028-1930-6784,User Licenses,2025-02-28,11,0,0
"Minnesota Mutual Companies, Inc.|5198-6601-6390-8269|User Licenses|2026-07-31","Minnesota Mutual Companies, Inc.",5198-6601-6390-8269,User Licenses,2026-07-31,187,53,28.34
"Minnesota Mutual Companies, Inc.|5198-6601-6390-8269|AI Units|2026-08-07","Minnesota Mutual Companies, Inc.",5198-6601-6390-8269,AI Units,2026-08-07,1000000,102453.4,10.25
"Minnesota Mutual Companies, Inc.|3213-3028-1930-6784|AI Units|2025-02-28","Minnesota Mutual Companies, Inc.",3213-3028-1930-6784,AI Units,2025-02-28,1,0,0
Mutual Bancorp|9821-5537-1971-7766|Unattended Production License|2026-07-31,Mutual Bancorp,9821-5537-1971-7766,Unattended Production License,2026-07-31,14,7,50
Mutual Bancorp|9821-5537-1971-7766|Unattended Test Robot License|2026-07-31,Mutual Bancorp,9821-5537-1971-7766,Unattended Test Robot License,2026-07-31,2,1,50
Mutual Bancorp|9821-5537-1971-7766|User Licenses|2026-07-31,Mutual Bancorp,9821-5537-1971-7766,User Licenses,2026-07-31,145,5,3.45
NASA Federal Credit Union|0182-1806-8338-5147|Unattended Production License|2026-07-31,NASA Federal Credit Union,0182-1806-8338-5147,Unattended Production License,2026-07-31,4,3,75
NASA Federal Credit Union|7863-8709-1641-0982|Unattended Production License|2026-07-31,NASA Federal Credit Union,7863-8709-1641-0982,Unattended Production License,2026-07-31,1,0,0
NASA Federal Credit Union|0182-1806-8338-5147|Unattended Test Robot License|2026-07-31,NASA Federal Credit Union,0182-1806-8338-5147,Unattended Test Robot License,2026-07-31,3,3,100
NASA Federal Credit Union|7863-8709-1641-0982|Unattended Test Robot License|2026-07-31,NASA Federal Credit Union,7863-8709-1641-0982,Unattended Test Robot License,2026-07-31,1,0,0
NASA Federal Credit Union|0182-1806-8338-5147|User Licenses|2026-07-31,NASA Federal Credit Union,0182-1806-8338-5147,User Licenses,2026-07-31,191,15,7.85
NASA Federal Credit Union|0182-1806-8338-5147|AI Units|2026-08-08,NASA Federal Credit Union,0182-1806-8338-5147,AI Units,2026-08-08,224658,3791,1.69
"Nicolet Bankshares, Inc.|0630-9972-8401-3962|Unattended Production License|2026-07-31","Nicolet Bankshares, Inc.",0630-9972-8401-3962,Unattended Production License,2026-07-31,7,7,100
"Nicolet Bankshares, Inc.|4592-6464-8342-3884|Unattended Production License|2026-07-31","Nicolet Bankshares, Inc.",4592-6464-8342-3884,Unattended Production License,2026-07-31,0,1,
"Nicolet Bankshares, Inc.|0630-9972-8401-3962|Unattended Test Robot License|2026-07-31","Nicolet Bankshares, Inc.",0630-9972-8401-3962,Unattended Test Robot License,2026-07-31,5,5,100
"Nicolet Bankshares, Inc.|0630-9972-8401-3962|User Licenses|2026-07-31","Nicolet Bankshares, Inc.",0630-9972-8401-3962,User Licenses,2026-07-31,47,9,19.15
"Nicolet Bankshares, Inc.|4592-6464-8342-3884|User Licenses|2026-07-31","Nicolet Bankshares, Inc.",4592-6464-8342-3884,User Licenses,2026-07-31,0,2,
Nusenda Federal Credit Union|5406-2016-5989-1274|Unattended Production License|2026-07-31,Nusenda Federal Credit Union,5406-2016-5989-1274,Unattended Production License,2026-07-31,8,4,50
Nusenda Federal Credit Union|5406-2016-5989-1274|Unattended Test Robot License|2026-07-31,Nusenda Federal Credit Union,5406-2016-5989-1274,Unattended Test Robot License,2026-07-31,4,1,25
Nusenda Federal Credit Union|5406-2016-5989-1274|User Licenses|2026-07-31,Nusenda Federal Credit Union,5406-2016-5989-1274,User Licenses,2026-07-31,38,11,28.95
Nusenda Federal Credit Union|5406-2016-5989-1274|AI Units|2026-08-04,Nusenda Federal Credit Union,5406-2016-5989-1274,AI Units,2026-08-04,220000,53,0.02
Nuvision Financial Federal Credit Union|3036-1036-7914-5126|Unattended Production License|2026-07-31,Nuvision Financial Federal Credit Union,3036-1036-7914-5126,Unattended Production License,2026-07-31,1,0,0
Nuvision Financial Federal Credit Union|6936-5531-5652-0082|Unattended Production License|2026-07-31,Nuvision Financial Federal Credit Union,6936-5531-5652-0082,Unattended Production License,2026-07-31,5,0,0
Nuvision Financial Federal Credit Union|3036-1036-7914-5126|Unattended Test Robot License|2026-07-31,Nuvision Financial Federal Credit Union,3036-1036-7914-5126,Unattended Test Robot License,2026-07-31,1,1,100
Nuvision Financial Federal Credit Union|6936-5531-5652-0082|User Licenses|2026-07-31,Nuvision Financial Federal Credit Union,6936-5531-5652-0082,User Licenses,2026-07-31,2,0,0
Nuvision Financial Federal Credit Union|3036-1036-7914-5126|User Licenses|2026-07-31,Nuvision Financial Federal Credit Union,3036-1036-7914-5126,User Licenses,2026-07-31,11,0,0
Ocean Bank|8897-6532-0989-1347|Unattended Production License|2026-07-31,Ocean Bank,8897-6532-0989-1347,Unattended Production License,2026-07-31,3,3,100
Ocean Bank|8897-6532-0989-1347|Unattended Test Robot License|2026-07-31,Ocean Bank,8897-6532-0989-1347,Unattended Test Robot License,2026-07-31,1,1,100
Ocean Bank|8897-6532-0989-1347|User Licenses|2026-07-31,Ocean Bank,8897-6532-0989-1347,User Licenses,2026-07-31,25,0,0
Old National Bancorp|7236-8417-8830-4944|Unattended Production License|2026-07-31,Old National Bancorp,7236-8417-8830-4944,Unattended Production License,2026-07-31,20,20,100
Old National Bancorp|9010-8635-4494-7907|Unattended Production License|2025-02-28,Old National Bancorp,9010-8635-4494-7907,Unattended Production License,2025-02-28,0,1,
Old National Bancorp|4973-9944-1001-5746|Unattended Production License|2025-01-31,Old National Bancorp,4973-9944-1001-5746,Unattended Production License,2025-01-31,10,0,0
Old National Bancorp|1637-0432-9804-8204|Unattended Production License|2023-05-31,Old National Bancorp,1637-0432-9804-8204,Unattended Production License,2023-05-31,2,0,0
Old National Bancorp|4344-5769-0472-4697|Unattended Production License|2023-04-30,Old National Bancorp,4344-5769-0472-4697,Unattended Production License,2023-04-30,10,0,0
Old National Bancorp|7236-8417-8830-4944|Unattended Test Robot License|2026-07-31,Old National Bancorp,7236-8417-8830-4944,Unattended Test Robot License,2026-07-31,8,8,100
Old National Bancorp|4973-9944-1001-5746|Unattended Test Robot License|2025-01-31,Old National Bancorp,4973-9944-1001-5746,Unattended Test Robot License,2025-01-31,4,0,0
Old National Bancorp|4344-5769-0472-4697|Unattended Test Robot License|2023-04-30,Old National Bancorp,4344-5769-0472-4697,Unattended Test Robot License,2023-04-30,4,0,0
Old National Bancorp|9010-8635-4494-7907|User Licenses|2024-11-30,Old National Bancorp,9010-8635-4494-7907,User Licenses,2024-11-30,0,1,
Old National Bancorp|4973-9944-1001-5746|User Licenses|2025-01-31,Old National Bancorp,4973-9944-1001-5746,User Licenses,2025-01-31,147,0,0
Old National Bancorp|1637-0432-9804-8204|User Licenses|2023-05-31,Old National Bancorp,1637-0432-9804-8204,User Licenses,2023-05-31,10,0,0
Old National Bancorp|7236-8417-8830-4944|User Licenses|2026-07-31,Old National Bancorp,7236-8417-8830-4944,User Licenses,2026-07-31,167,15,8.98
Old National Bancorp|4344-5769-0472-4697|User Licenses|2023-04-30,Old National Bancorp,4344-5769-0472-4697,User Licenses,2023-04-30,127,0,0
Old National Bancorp|4973-9944-1001-5746|AI Units|2025-01-31,Old National Bancorp,4973-9944-1001-5746,AI Units,2025-01-31,1,0,0
Old National Bancorp|7236-8417-8830-4944|Platform Units|2026-08-07,Old National Bancorp,7236-8417-8830-4944,Platform Units,2026-08-07,57543,20192.16,35.09
Old Republic International|1934-8742-8883-7147|Unattended Production License|2026-07-31,Old Republic International,1934-8742-8883-7147,Unattended Production License,2026-07-31,6,5,83.33
Old Republic International|6541-0165-4769-5195|Unattended Production License|2026-05-31,Old Republic International,6541-0165-4769-5195,Unattended Production License,2026-05-31,5,0,0
Old Republic International|4565-3134-7292-0050|Unattended Production License|2026-07-31,Old Republic International,4565-3134-7292-0050,Unattended Production License,2026-07-31,17,17,100
Old Republic International|8538-3773-2423-4724|NonProduction Robot License|2026-05-31,Old Republic International,8538-3773-2423-4724,NonProduction Robot License,2026-05-31,5,0,0
Old Republic International|1934-8742-8883-7147|Unattended Test Robot License|2026-07-31,Old Republic International,1934-8742-8883-7147,Unattended Test Robot License,2026-07-31,3,3,100
Old Republic International|4565-3134-7292-0050|Unattended Test Robot License|2026-07-31,Old Republic International,4565-3134-7292-0050,Unattended Test Robot License,2026-07-31,11,11,100
Old Republic International|8538-3773-2423-4724|User Licenses|2026-05-31,Old Republic International,8538-3773-2423-4724,User Licenses,2026-05-31,6,0,0
Old Republic International|1934-8742-8883-7147|User Licenses|2026-07-31,Old Republic International,1934-8742-8883-7147,User Licenses,2026-07-31,50,4,8
Old Republic International|6541-0165-4769-5195|User Licenses|2026-05-31,Old Republic International,6541-0165-4769-5195,User Licenses,2026-05-31,5,0,0
Old Republic International|4565-3134-7292-0050|User Licenses|2026-07-31,Old Republic International,4565-3134-7292-0050,User Licenses,2026-07-31,42,13,30.95
Old Republic International|1934-8742-8883-7147|Platform Units|2026-07-31,Old Republic International,1934-8742-8883-7147,Platform Units,2026-07-31,10000,0,0
Ontario Municipal Employees Retirement System (OMERS)|2175-0400-4354-9613|Unattended Production License|2026-07-31,Ontario Municipal Employees Retirement System (OMERS),2175-0400-4354-9613,Unattended Production License,2026-07-31,30,30,100
Ontario Municipal Employees Retirement System (OMERS)|6066-8272-3658-4995|Unattended Production License|2023-03-31,Ontario Municipal Employees Retirement System (OMERS),6066-8272-3658-4995,Unattended Production License,2023-03-31,6,0,0
Ontario Municipal Employees Retirement System (OMERS)|6559-9425-0553-9805|Unattended Production License|2026-07-31,Ontario Municipal Employees Retirement System (OMERS),6559-9425-0553-9805,Unattended Production License,2026-07-31,0,5,
Ontario Municipal Employees Retirement System (OMERS)|4181-6479-1775-1904|Unattended Production License|2025-06-30,Ontario Municipal Employees Retirement System (OMERS),4181-6479-1775-1904,Unattended Production License,2025-06-30,0,2,
Ontario Municipal Employees Retirement System (OMERS)|9003-2963-2281-8199|Unattended Production License|2025-02-28,Ontario Municipal Employees Retirement System (OMERS),9003-2963-2281-8199,Unattended Production License,2025-02-28,1,0,0
Ontario Municipal Employees Retirement System (OMERS)|6670-6575-1979-5840|Unattended Production License|2026-07-31,Ontario Municipal Employees Retirement System (OMERS),6670-6575-1979-5840,Unattended Production License,2026-07-31,15,33,220
Ontario Municipal Employees Retirement System (OMERS)|6559-9425-0553-9805|NonProduction Robot License|2026-07-31,Ontario Municipal Employees Retirement System (OMERS),6559-9425-0553-9805,NonProduction Robot License,2026-07-31,0,5,
Ontario Municipal Employees Retirement System (OMERS)|6670-6575-1979-5840|NonProduction Robot License|2026-07-31,Ontario Municipal Employees Retirement System (OMERS),6670-6575-1979-5840,NonProduction Robot License,2026-07-31,15,15,100
Ontario Municipal Employees Retirement System (OMERS)|6670-6575-1979-5840|Unattended Test Robot License|2026-07-31,Ontario Municipal Employees Retirement System (OMERS),6670-6575-1979-5840,Unattended Test Robot License,2026-07-31,12,5,41.67
Ontario Municipal Employees Retirement System (OMERS)|9003-2963-2281-8199|Unattended Test Robot License|2025-02-28,Ontario Municipal Employees Retirement System (OMERS),9003-2963-2281-8199,Unattended Test Robot License,2025-02-28,1,0,0
Ontario Municipal Employees Retirement System (OMERS)|2175-0400-4354-9613|Unattended Test Robot License|2026-07-31,Ontario Municipal Employees Retirement System (OMERS),2175-0400-4354-9613,Unattended Test Robot License,2026-07-31,10,15,150
Ontario Municipal Employees Retirement System (OMERS)|7184-9382-9772-3127|User Licenses|2026-02-28,Ontario Municipal Employees Retirement System (OMERS),7184-9382-9772-3127,User Licenses,2026-02-28,0,6,
Ontario Municipal Employees Retirement System (OMERS)|6670-6575-1979-5840|User Licenses|2026-07-31,Ontario Municipal Employees Retirement System (OMERS),6670-6575-1979-5840,User Licenses,2026-07-31,135,11,8.15
Ontario Municipal Employees Retirement System (OMERS)|2175-0400-4354-9613|User Licenses|2026-07-31,Ontario Municipal Employees Retirement System (OMERS),2175-0400-4354-9613,User Licenses,2026-07-31,255,21,8.24
Ontario Municipal Employees Retirement System (OMERS)|4181-6479-1775-1904|User Licenses|2025-06-30,Ontario Municipal Employees Retirement System (OMERS),4181-6479-1775-1904,User Licenses,2025-06-30,0,2,
Ontario Municipal Employees Retirement System (OMERS)|9003-2963-2281-8199|User Licenses|2025-02-28,Ontario Municipal Employees Retirement System (OMERS),9003-2963-2281-8199,User Licenses,2025-02-28,11,0,0
Ontario Municipal Employees Retirement System (OMERS)|9003-2963-2281-8199|AI Units|2025-02-28,Ontario Municipal Employees Retirement System (OMERS),9003-2963-2281-8199,AI Units,2025-02-28,1,0,0
Ontario Municipal Employees Retirement System (OMERS)|2175-0400-4354-9613|Platform Units|2026-05-28,Ontario Municipal Employees Retirement System (OMERS),2175-0400-4354-9613,Platform Units,2026-05-28,60000,30546.918,50.91
Ontario Municipal Employees Retirement System (OMERS)|6670-6575-1979-5840|Platform Units|2026-05-28,Ontario Municipal Employees Retirement System (OMERS),6670-6575-1979-5840,Platform Units,2026-05-28,50000,15668.016,31.34
Ontario Teachers' Pension Plan|1157-9819-1375-0555|Unattended Production License|2025-01-31,Ontario Teachers' Pension Plan,1157-9819-1375-0555,Unattended Production License,2025-01-31,1,1,100
Ontario Teachers' Pension Plan|7085-6928-4412-6117|Unattended Production License|2026-07-31,Ontario Teachers' Pension Plan,7085-6928-4412-6117,Unattended Production License,2026-07-31,18,18,100
Ontario Teachers' Pension Plan|4492-3677-5343-2433|Unattended Production License|2026-07-31,Ontario Teachers' Pension Plan,4492-3677-5343-2433,Unattended Production License,2026-07-31,15,15,100
Ontario Teachers' Pension Plan|4209-3033-6868-3844|Unattended Production License|2026-07-31,Ontario Teachers' Pension Plan,4209-3033-6868-3844,Unattended Production License,2026-07-31,1,0,0
Ontario Teachers' Pension Plan|4492-3677-5343-2433|Unattended Test Robot License|2026-07-31,Ontario Teachers' Pension Plan,4492-3677-5343-2433,Unattended Test Robot License,2026-07-31,4,4,100
Ontario Teachers' Pension Plan|4209-3033-6868-3844|Unattended Test Robot License|2026-07-31,Ontario Teachers' Pension Plan,4209-3033-6868-3844,Unattended Test Robot License,2026-07-31,1,0,0
Ontario Teachers' Pension Plan|1157-9819-1375-0555|Unattended Test Robot License|2025-01-31,Ontario Teachers' Pension Plan,1157-9819-1375-0555,Unattended Test Robot License,2025-01-31,1,1,100
Ontario Teachers' Pension Plan|7085-6928-4412-6117|Unattended Test Robot License|2026-07-31,Ontario Teachers' Pension Plan,7085-6928-4412-6117,Unattended Test Robot License,2026-07-31,8,8,100
Ontario Teachers' Pension Plan|4492-3677-5343-2433|User Licenses|2026-07-31,Ontario Teachers' Pension Plan,4492-3677-5343-2433,User Licenses,2026-07-31,16,5,31.25
Ontario Teachers' Pension Plan|1157-9819-1375-0555|User Licenses|2025-02-28,Ontario Teachers' Pension Plan,1157-9819-1375-0555,User Licenses,2025-02-28,11,0,0
Ontario Teachers' Pension Plan|7085-6928-4412-6117|User Licenses|2026-07-31,Ontario Teachers' Pension Plan,7085-6928-4412-6117,User Licenses,2026-07-31,218,54,24.77
Ontario Teachers' Pension Plan|1157-9819-1375-0555|AI Units|2025-02-28,Ontario Teachers' Pension Plan,1157-9819-1375-0555,AI Units,2025-02-28,1,0,0
Ontario Teachers' Pension Plan|7085-6928-4412-6117|AI Units|2026-05-28,Ontario Teachers' Pension Plan,7085-6928-4412-6117,AI Units,2026-05-28,532110,111396,20.93
Optimize Financial Group Inc.|2349-6355-3998-1078|Unattended Production License|2026-07-31,Optimize Financial Group Inc.,2349-6355-3998-1078,Unattended Production License,2026-07-31,4,2,50
Optimize Financial Group Inc.|2349-6355-3998-1078|Unattended Test Robot License|2026-07-31,Optimize Financial Group Inc.,2349-6355-3998-1078,Unattended Test Robot License,2026-07-31,1,1,100
Optimize Financial Group Inc.|2349-6355-3998-1078|User Licenses|2026-07-31,Optimize Financial Group Inc.,2349-6355-3998-1078,User Licenses,2026-07-31,16,4,25
Optimize Financial Group Inc.|4032-2747-7706-3559|User Licenses|2026-06-30,Optimize Financial Group Inc.,4032-2747-7706-3559,User Licenses,2026-06-30,10,0,0
Origence|0833-2813-6604-0480|Unattended Production License|2026-07-31,Origence,0833-2813-6604-0480,Unattended Production License,2026-07-31,6,6,100
Origence|0833-2813-6604-0480|Unattended Test Robot License|2026-07-31,Origence,0833-2813-6604-0480,Unattended Test Robot License,2026-07-31,2,2,100
Origence|5537-9264-0175-7019|User Licenses|2025-12-31,Origence,5537-9264-0175-7019,User Licenses,2025-12-31,10,0,0
Origence|0833-2813-6604-0480|User Licenses|2026-07-31,Origence,0833-2813-6604-0480,User Licenses,2026-07-31,75,22,29.33
Origence|0833-2813-6604-0480|Platform Units|2026-08-09,Origence,0833-2813-6604-0480,Platform Units,2026-08-09,24000,1947.4,8.11
PEMCO Mutual Insurance Company|1878-6910-1206-1699|Unattended Production License|2026-07-31,PEMCO Mutual Insurance Company,1878-6910-1206-1699,Unattended Production License,2026-07-31,6,6,100
PEMCO Mutual Insurance Company|1878-6910-1206-1699|Unattended Test Robot License|2026-07-31,PEMCO Mutual Insurance Company,1878-6910-1206-1699,Unattended Test Robot License,2026-07-31,3,3,100
PEMCO Mutual Insurance Company|1878-6910-1206-1699|User Licenses|2026-07-31,PEMCO Mutual Insurance Company,1878-6910-1206-1699,User Licenses,2026-07-31,41,19,46.34
PEMCO Mutual Insurance Company|1878-6910-1206-1699|AI Units|2026-08-09,PEMCO Mutual Insurance Company,1878-6910-1206-1699,AI Units,2026-08-09,180000,6470.6,3.59
"PSCU, LLC|8328-7409-4599-1721|Unattended Production License|2026-04-30","PSCU, LLC",8328-7409-4599-1721,Unattended Production License,2026-04-30,5,0,0
"PSCU, LLC|8394-3488-2056-8210|Unattended Production License|2026-04-30","PSCU, LLC",8394-3488-2056-8210,Unattended Production License,2026-04-30,20,0,0
"PSCU, LLC|1127-4448-5169-7612|Unattended Production License|2026-07-31","PSCU, LLC",1127-4448-5169-7612,Unattended Production License,2026-07-31,25,25,100
"PSCU, LLC|8328-7409-4599-1721|Unattended Test Robot License|2026-04-30","PSCU, LLC",8328-7409-4599-1721,Unattended Test Robot License,2026-04-30,4,0,0
"PSCU, LLC|1127-4448-5169-7612|User Licenses|2026-07-31","PSCU, LLC",1127-4448-5169-7612,User Licenses,2026-07-31,117,20,17.09
"PSCU, LLC|1127-4448-5169-7612|Platform Units|2026-07-31","PSCU, LLC",1127-4448-5169-7612,Platform Units,2026-07-31,40000,0,0
"Parke Bancorp, Inc.|9118-7334-4978-0935|Unattended Production License|2026-07-31","Parke Bancorp, Inc.",9118-7334-4978-0935,Unattended Production License,2026-07-31,2,2,100
"Parke Bancorp, Inc.|9118-7334-4978-0935|Unattended Test Robot License|2026-07-31","Parke Bancorp, Inc.",9118-7334-4978-0935,Unattended Test Robot License,2026-07-31,1,1,100
"Parke Bancorp, Inc.|9118-7334-4978-0935|User Licenses|2026-07-31","Parke Bancorp, Inc.",9118-7334-4978-0935,User Licenses,2026-07-31,19,2,10.53
"Parke Bancorp, Inc.|9118-7334-4978-0935|Platform Units|2026-07-31","Parke Bancorp, Inc.",9118-7334-4978-0935,Platform Units,2026-07-31,20000,0,0
"Paycargo, LLC|4169-8960-1240-2971|Unattended Production License|2026-07-31","Paycargo, LLC",4169-8960-1240-2971,Unattended Production License,2026-07-31,1,1,100
"Paycargo, LLC|4169-8960-1240-2971|Unattended Test Robot License|2026-07-31","Paycargo, LLC",4169-8960-1240-2971,Unattended Test Robot License,2026-07-31,1,1,100
"Paycargo, LLC|4169-8960-1240-2971|User Licenses|2026-07-31","Paycargo, LLC",4169-8960-1240-2971,User Licenses,2026-07-31,104,3,2.88
Paylocity Holding Corporation|8876-3899-8846-8097|Unattended Production License|2025-06-30,Paylocity Holding Corporation,8876-3899-8846-8097,Unattended Production License,2025-06-30,0,1,
Paylocity Holding Corporation|3320-9958-4853-5506|Unattended Production License|2026-07-31,Paylocity Holding Corporation,3320-9958-4853-5506,Unattended Production License,2026-07-31,5,7,140
Paylocity Holding Corporation|3320-9958-4853-5506|Unattended Test Robot License|2026-07-31,Paylocity Holding Corporation,3320-9958-4853-5506,Unattended Test Robot License,2026-07-31,1,2,200
Paylocity Holding Corporation|8876-3899-8846-8097|User Licenses|2025-06-30,Paylocity Holding Corporation,8876-3899-8846-8097,User Licenses,2025-06-30,0,2,
Paylocity Holding Corporation|3320-9958-4853-5506|User Licenses|2026-07-31,Paylocity Holding Corporation,3320-9958-4853-5506,User Licenses,2026-07-31,159,33,20.75
Paylocity Holding Corporation|3320-9958-4853-5506|Platform Units|2026-08-09,Paylocity Holding Corporation,3320-9958-4853-5506,Platform Units,2026-08-09,490000,227379.208,46.4
"People's United Financial, Inc.|386742779961049115|Unattended Production License|2023-08-31","People's United Financial, Inc.",386742779961049115,Unattended Production License,2023-08-31,5,0,0
"People's United Financial, Inc.|3003-2615-5049-6870|Unattended Production License|2026-07-31","People's United Financial, Inc.",3003-2615-5049-6870,Unattended Production License,2026-07-31,1,1,100
"People's United Financial, Inc.|3003-2615-5049-6870|User Licenses|2026-07-31","People's United Financial, Inc.",3003-2615-5049-6870,User Licenses,2026-07-31,34,3,8.82
"People's United Financial, Inc.|386750847059454412|User Licenses|2023-08-31","People's United Financial, Inc.",386750847059454412,User Licenses,2023-08-31,10,0,0
"People's United Financial, Inc.|386742779961049115|User Licenses|2023-08-31","People's United Financial, Inc.",386742779961049115,User Licenses,2023-08-31,2,0,0
Power Financial Corporation|9834-5005-2565-2823|Unattended Production License|2025-05-31,Power Financial Corporation,9834-5005-2565-2823,Unattended Production License,2025-05-31,10,0,0
Power Financial Corporation|8970-1978-4239-9422|Unattended Production License|2025-05-31,Power Financial Corporation,8970-1978-4239-9422,Unattended Production License,2025-05-31,80,0,0
Power Financial Corporation|2564-9708-7432-2474|Unattended Production License|2024-11-30,Power Financial Corporation,2564-9708-7432-2474,Unattended Production License,2024-11-30,0,85,
Power Financial Corporation|1500-2309-4205-1519|Unattended Production License|2026-07-31,Power Financial Corporation,1500-2309-4205-1519,Unattended Production License,2026-07-31,40,40,100
Power Financial Corporation|2564-9708-7432-2474|NonProduction Robot License|2024-11-30,Power Financial Corporation,2564-9708-7432-2474,NonProduction Robot License,2024-11-30,0,5,
Power Financial Corporation|8970-1978-4239-9422|User Licenses|2025-05-31,Power Financial Corporation,8970-1978-4239-9422,User Licenses,2025-05-31,10,0,0
Power Financial Corporation|1500-2309-4205-1519|User Licenses|2026-07-31,Power Financial Corporation,1500-2309-4205-1519,User Licenses,2026-07-31,51,9,17.65
Power Financial Corporation|9834-5005-2565-2823|User Licenses|2025-05-31,Power Financial Corporation,9834-5005-2565-2823,User Licenses,2025-05-31,30,0,0
Power Financial Corporation|2564-9708-7432-2474|User Licenses|2024-11-30,Power Financial Corporation,2564-9708-7432-2474,User Licenses,2024-11-30,0,1,
Principal Financial Group|7694-7358-7062-1659|Unattended Production License|2026-07-31,Principal Financial Group,7694-7358-7062-1659,Unattended Production License,2026-07-31,60,60,100
Principal Financial Group|9512-0767-2816-4299|Unattended Production License|2026-04-30,Principal Financial Group,9512-0767-2816-4299,Unattended Production License,2026-04-30,60,0,0
Principal Financial Group|1430-7431-2212-7560|User Licenses|2025-06-30,Principal Financial Group,1430-7431-2212-7560,User Licenses,2025-06-30,161,0,0
Principal Financial Group|7694-7358-7062-1659|User Licenses|2026-07-31,Principal Financial Group,7694-7358-7062-1659,User Licenses,2026-07-31,816,0,0
Principal Financial Group|7694-7358-7062-1659|AI Units|2026-07-31,Principal Financial Group,7694-7358-7062-1659,AI Units,2026-07-31,60000,0,0
Prologis L.P.|4716-4436-1757-4233|Unattended Production License|2025-07-31,Prologis L.P.,4716-4436-1757-4233,Unattended Production License,2025-07-31,0,7,
Prologis L.P.|9827-8289-3577-3607|Unattended Production License|2026-07-31,Prologis L.P.,9827-8289-3577-3607,Unattended Production License,2026-07-31,12,10,83.33
Prologis L.P.|4716-4436-1757-4233|NonProduction Robot License|2025-07-31,Prologis L.P.,4716-4436-1757-4233,NonProduction Robot License,2025-07-31,0,2,
Prologis L.P.|9827-8289-3577-3607|NonProduction Robot License|2026-07-31,Prologis L.P.,9827-8289-3577-3607,NonProduction Robot License,2026-07-31,0,1,
Prologis L.P.|9827-8289-3577-3607|Unattended Test Robot License|2026-07-31,Prologis L.P.,9827-8289-3577-3607,Unattended Test Robot License,2026-07-31,1,0,0
Prologis L.P.|9827-8289-3577-3607|User Licenses|2026-05-31,Prologis L.P.,9827-8289-3577-3607,User Licenses,2026-05-31,27,1,3.7
Prologis L.P.|9827-8289-3577-3607|AI Units|2026-08-06,Prologis L.P.,9827-8289-3577-3607,AI Units,2026-08-06,60000,45559,75.93
Prosperity Bancshares Inc|1837-6064-1786-0490|Unattended Production License|2026-07-31,Prosperity Bancshares Inc,1837-6064-1786-0490,Unattended Production License,2026-07-31,5,5,100
Prosperity Bancshares Inc|1837-6064-1786-0490|NonProduction Robot License|2026-07-31,Prosperity Bancshares Inc,1837-6064-1786-0490,NonProduction Robot License,2026-07-31,0,2,
Prosperity Bancshares Inc|1837-6064-1786-0490|Unattended Test Robot License|2026-07-31,Prosperity Bancshares Inc,1837-6064-1786-0490,Unattended Test Robot License,2026-07-31,2,0,0
Prosperity Bancshares Inc|1837-6064-1786-0490|User Licenses|2026-07-31,Prosperity Bancshares Inc,1837-6064-1786-0490,User Licenses,2026-07-31,123,4,3.25
Prosperity Bancshares Inc|1837-6064-1786-0490|AI Units|2026-07-31,Prosperity Bancshares Inc,1837-6064-1786-0490,AI Units,2026-07-31,60000,0,0
Questrade Financial Group Inc.|386766169887658862|Unattended Production License|2024-09-30,Questrade Financial Group Inc.,386766169887658862,Unattended Production License,2024-09-30,13,0,0
Questrade Financial Group Inc.|8663-8102-5264-1718|Unattended Production License|2023-09-30,Questrade Financial Group Inc.,8663-8102-5264-1718,Unattended Production License,2023-09-30,7,0,0
Questrade Financial Group Inc.|2735-0883-2681-0471|Unattended Production License|2026-07-31,Questrade Financial Group Inc.,2735-0883-2681-0471,Unattended Production License,2026-07-31,23,23,100
Questrade Financial Group Inc.|386721757503613347|NonProduction Robot License|2024-09-30,Questrade Financial Group Inc.,386721757503613347,NonProduction Robot License,2024-09-30,5,0,0
Questrade Financial Group Inc.|8663-8102-5264-1718|NonProduction Robot License|2023-09-30,Questrade Financial Group Inc.,8663-8102-5264-1718,NonProduction Robot License,2023-09-30,3,0,0
Questrade Financial Group Inc.|2735-0883-2681-0471|NonProduction Robot License|2026-07-31,Questrade Financial Group Inc.,2735-0883-2681-0471,NonProduction Robot License,2026-07-31,0,3,
Questrade Financial Group Inc.|2735-0883-2681-0471|Unattended Test Robot License|2026-07-31,Questrade Financial Group Inc.,2735-0883-2681-0471,Unattended Test Robot License,2026-07-31,7,7,100
Questrade Financial Group Inc.|6877-7324-7097-6110|User Licenses|2024-04-30,Questrade Financial Group Inc.,6877-7324-7097-6110,User Licenses,2024-04-30,10,0,0
Questrade Financial Group Inc.|386721757503613347|User Licenses|2024-09-30,Questrade Financial Group Inc.,386721757503613347,User Licenses,2024-09-30,7,0,0
Questrade Financial Group Inc.|8663-8102-5264-1718|User Licenses|2023-09-30,Questrade Financial Group Inc.,8663-8102-5264-1718,User Licenses,2023-09-30,4,0,0
Questrade Financial Group Inc.|2735-0883-2681-0471|User Licenses|2026-07-31,Questrade Financial Group Inc.,2735-0883-2681-0471,User Licenses,2026-07-31,162,16,9.88
Questrade Financial Group Inc.|2735-0883-2681-0471|AI Units|2026-07-31,Questrade Financial Group Inc.,2735-0883-2681-0471,AI Units,2026-07-31,60000,0,0
Radius Financial|386793997953072400|Unattended Production License|2025-11-30,Radius Financial,386793997953072400,Unattended Production License,2025-11-30,5,0,0
Radius Financial|5808-3413-0157-9272|Unattended Production License|2026-07-31,Radius Financial,5808-3413-0157-9272,Unattended Production License,2026-07-31,5,5,100
Radius Financial|5808-3413-0157-9272|User Licenses|2026-07-31,Radius Financial,5808-3413-0157-9272,User Licenses,2026-07-31,29,2,6.9
Radius Financial|0061-6324-2930-1211|User Licenses|2025-07-31,Radius Financial,0061-6324-2930-1211,User Licenses,2025-07-31,2,0,0
Rapid Mortgage Company|6009-4457-6938-1719|Unattended Production License|2026-07-31,Rapid Mortgage Company,6009-4457-6938-1719,Unattended Production License,2026-07-31,1,1,100
Rapid Mortgage Company|6009-4457-6938-1719|Unattended Test Robot License|2026-07-31,Rapid Mortgage Company,6009-4457-6938-1719,Unattended Test Robot License,2026-07-31,1,1,100
Rapid Mortgage Company|6009-4457-6938-1719|User Licenses|2026-07-31,Rapid Mortgage Company,6009-4457-6938-1719,User Licenses,2026-07-31,15,1,6.67
Rapid Mortgage Company|6009-4457-6938-1719|Platform Units|2026-07-13,Rapid Mortgage Company,6009-4457-6938-1719,Platform Units,2026-07-13,12262,9850.2,80.33
"Raymond James & Associates, Inc.|9790-0892-2623-8285|Unattended Production License|2026-07-31","Raymond James & Associates, Inc.",9790-0892-2623-8285,Unattended Production License,2026-07-31,80,75,93.75
"Raymond James & Associates, Inc.|386781826688326490|Unattended Production License|2025-05-31","Raymond James & Associates, Inc.",386781826688326490,Unattended Production License,2025-05-31,75,0,0
"Raymond James & Associates, Inc.|8837-0759-9820-3998|Unattended Production License|2026-07-31","Raymond James & Associates, Inc.",8837-0759-9820-3998,Unattended Production License,2026-07-31,0,1,
"Raymond James & Associates, Inc.|386736612592705514|Unattended Test Robot License|2025-05-31","Raymond James & Associates, Inc.",386736612592705514,Unattended Test Robot License,2025-05-31,75,0,0
"Raymond James & Associates, Inc.|8837-0759-9820-3998|Unattended Test Robot License|2026-07-31","Raymond James & Associates, Inc.",8837-0759-9820-3998,Unattended Test Robot License,2026-07-31,121,119,98.35
"Raymond James & Associates, Inc.|386798481735449007|Unattended Test Robot License|2025-05-31","Raymond James & Associates, Inc.",386798481735449007,Unattended Test Robot License,2025-05-31,36,0,0
"Raymond James & Associates, Inc.|386742295426854886|Unattended Test Robot License|2025-05-31","Raymond James & Associates, Inc.",386742295426854886,Unattended Test Robot License,2025-05-31,10,0,0
"Raymond James & Associates, Inc.|386781826688326490|User Licenses|2025-05-31","Raymond James & Associates, Inc.",386781826688326490,User Licenses,2025-05-31,18,0,0
"Raymond James & Associates, Inc.|386798481735449007|User Licenses|2025-05-31","Raymond James & Associates, Inc.",386798481735449007,User Licenses,2025-05-31,34,0,0
"Raymond James & Associates, Inc.|8837-0759-9820-3998|User Licenses|2026-07-31","Raymond James & Associates, Inc.",8837-0759-9820-3998,User Licenses,2026-07-31,261,19,7.28
"Raymond James & Associates, Inc.|9898-6355-2188-1432|User Licenses|2025-12-31","Raymond James & Associates, Inc.",9898-6355-2188-1432,User Licenses,2025-12-31,111,0,0
"Raymond James & Associates, Inc.|9790-0892-2623-8285|User Licenses|2026-07-31","Raymond James & Associates, Inc.",9790-0892-2623-8285,User Licenses,2026-07-31,29,6,20.69
"Raymond James & Associates, Inc.|386742295426854886|User Licenses|2025-05-31","Raymond James & Associates, Inc.",386742295426854886,User Licenses,2025-05-31,1,0,0
"Raymond James & Associates, Inc.|9898-6355-2188-1432|AI Units|2025-12-31","Raymond James & Associates, Inc.",9898-6355-2188-1432,AI Units,2025-12-31,300000,0,0
"Raymond James & Associates, Inc.|9790-0892-2623-8285|AI Units|2026-07-31","Raymond James & Associates, Inc.",9790-0892-2623-8285,AI Units,2026-07-31,300000,0,0
"Raymond James & Associates, Inc.|8837-0759-9820-3998|AI Units|2026-06-17","Raymond James & Associates, Inc.",8837-0759-9820-3998,AI Units,2026-06-17,300000,110.3,0.04
Redwood Credit Union|1377-3180-9355-9717|Unattended Production License|2025-09-30,Redwood Credit Union,1377-3180-9355-9717,Unattended Production License,2025-09-30,5,0,0
Redwood Credit Union|5093-1416-0760-5540|Unattended Production License|2026-07-31,Redwood Credit Union,5093-1416-0760-5540,Unattended Production License,2026-07-31,7,7,100
Redwood Credit Union|1377-3180-9355-9717|User Licenses|2025-09-30,Redwood Credit Union,1377-3180-9355-9717,User Licenses,2025-09-30,4,0,0
Redwood Credit Union|5093-1416-0760-5540|User Licenses|2026-07-31,Redwood Credit Union,5093-1416-0760-5540,User Licenses,2026-07-31,59,12,20.34
Redwood Credit Union|5093-1416-0760-5540|Platform Units|2026-08-08,Redwood Credit Union,5093-1416-0760-5540,Platform Units,2026-08-08,31500,177.44,0.56
Regions Financial Corporation|1682-7341-3453-6762|Unattended Production License|2026-05-31,Regions Financial Corporation,1682-7341-3453-6762,Unattended Production License,2026-05-31,0,2,
Regions Financial Corporation|386737963576001097|Unattended Production License|2024-12-31,Regions Financial Corporation,386737963576001097,Unattended Production License,2024-12-31,42,0,0
Regions Financial Corporation|3129-7263-1103-5911|Unattended Production License|2026-07-31,Regions Financial Corporation,3129-7263-1103-5911,Unattended Production License,2026-07-31,40,40,100
Regions Financial Corporation|386756610564277387|NonProduction Robot License|2024-12-31,Regions Financial Corporation,386756610564277387,NonProduction Robot License,2024-12-31,5,0,0
Regions Financial Corporation|8463-2026-8894-2177|NonProduction Robot License|2024-12-31,Regions Financial Corporation,8463-2026-8894-2177,NonProduction Robot License,2024-12-31,15,0,0
Regions Financial Corporation|386730138649028015|NonProduction Robot License|2024-12-31,Regions Financial Corporation,386730138649028015,NonProduction Robot License,2024-12-31,15,0,0
Regions Financial Corporation|386730138649028015|Unattended Test Robot License|2024-12-31,Regions Financial Corporation,386730138649028015,Unattended Test Robot License,2024-12-31,15,0,0
Regions Financial Corporation|3129-7263-1103-5911|Unattended Test Robot License|2026-07-31,Regions Financial Corporation,3129-7263-1103-5911,Unattended Test Robot License,2026-07-31,10,14,140
Regions Financial Corporation|8463-2026-8894-2177|Unattended Test Robot License|2024-12-31,Regions Financial Corporation,8463-2026-8894-2177,Unattended Test Robot License,2024-12-31,12,0,0
Regions Financial Corporation|386756610564277387|Unattended Test Robot License|2024-12-31,Regions Financial Corporation,386756610564277387,Unattended Test Robot License,2024-12-31,5,0,0
Regions Financial Corporation|3129-7263-1103-5911|User Licenses|2026-07-31,Regions Financial Corporation,3129-7263-1103-5911,User Licenses,2026-07-31,193,53,27.46
Regions Financial Corporation|386730138649028015|User Licenses|2024-12-31,Regions Financial Corporation,386730138649028015,User Licenses,2024-12-31,22,0,0
Regions Financial Corporation|386737963576001097|User Licenses|2024-12-31,Regions Financial Corporation,386737963576001097,User Licenses,2024-12-31,7,0,0
Regions Financial Corporation|1682-7341-3453-6762|User Licenses|2026-05-31,Regions Financial Corporation,1682-7341-3453-6762,User Licenses,2026-05-31,0,1,
Regions Financial Corporation|3129-7263-1103-5911|AI Units|2026-07-15,Regions Financial Corporation,3129-7263-1103-5911,AI Units,2026-07-15,300000,175.8,0.06
"Reinsurance Group of America (RGA), Inc.|0804-0544-6503-2016|Unattended Production License|2026-07-31","Reinsurance Group of America (RGA), Inc.",0804-0544-6503-2016,Unattended Production License,2026-07-31,4,4,100
"Reinsurance Group of America (RGA), Inc.|386708160108019175|Unattended Production License|2025-11-30","Reinsurance Group of America (RGA), Inc.",386708160108019175,Unattended Production License,2025-11-30,4,0,0
"Reinsurance Group of America (RGA), Inc.|6296-1411-4304-3780|Unattended Test Robot License|2025-11-30","Reinsurance Group of America (RGA), Inc.",6296-1411-4304-3780,Unattended Test Robot License,2025-11-30,7,0,0
"Reinsurance Group of America (RGA), Inc.|0804-0544-6503-2016|Unattended Test Robot License|2026-07-31","Reinsurance Group of America (RGA), Inc.",0804-0544-6503-2016,Unattended Test Robot License,2026-07-31,7,7,100
"Reinsurance Group of America (RGA), Inc.|6296-1411-4304-3780|User Licenses|2025-11-30","Reinsurance Group of America (RGA), Inc.",6296-1411-4304-3780,User Licenses,2025-11-30,20,0,0
"Reinsurance Group of America (RGA), Inc.|0804-0544-6503-2016|User Licenses|2026-07-31","Reinsurance Group of America (RGA), Inc.",0804-0544-6503-2016,User Licenses,2026-07-31,259,10,3.86
"Reinsurance Group of America (RGA), Inc.|386708160108019175|User Licenses|2025-11-30","Reinsurance Group of America (RGA), Inc.",386708160108019175,User Licenses,2025-11-30,3,0,0
"Reinsurance Group of America (RGA), Inc.|0804-0544-6503-2016|Platform Units|2026-06-22","Reinsurance Group of America (RGA), Inc.",0804-0544-6503-2016,Platform Units,2026-06-22,40000,52.8,0.13
Rithm Capital Corp.|386763758835678900|Unattended Production License|2024-03-31,Rithm Capital Corp.,386763758835678900,Unattended Production License,2024-03-31,31,0,0
Rithm Capital Corp.|8123-6150-2233-6175|Unattended Production License|2026-07-31,Rithm Capital Corp.,8123-6150-2233-6175,Unattended Production License,2026-07-31,46,46,100
Rithm Capital Corp.|4526-7305-1017-9906|Unattended Production License|2026-07-31,Rithm Capital Corp.,4526-7305-1017-9906,Unattended Production License,2026-07-31,2,3,150
Rithm Capital Corp.|4526-7305-1017-9906|NonProduction Robot License|2026-07-31,Rithm Capital Corp.,4526-7305-1017-9906,NonProduction Robot License,2026-07-31,2,0,0
Rithm Capital Corp.|386798452973282417|NonProduction Robot License|2024-03-31,Rithm Capital Corp.,386798452973282417,NonProduction Robot License,2024-03-31,3,0,0
Rithm Capital Corp.|8123-6150-2233-6175|Unattended Test Robot License|2026-07-31,Rithm Capital Corp.,8123-6150-2233-6175,Unattended Test Robot License,2026-07-31,5,3,60
Rithm Capital Corp.|8659-9780-7963-9498|Unattended Test Robot License|2024-03-31,Rithm Capital Corp.,8659-9780-7963-9498,Unattended Test Robot License,2024-03-31,3,0,0
Rithm Capital Corp.|386798452973282417|User Licenses|2024-03-31,Rithm Capital Corp.,386798452973282417,User Licenses,2024-03-31,3,0,0
Rithm Capital Corp.|8123-6150-2233-6175|User Licenses|2026-07-31,Rithm Capital Corp.,8123-6150-2233-6175,User Licenses,2026-07-31,145,9,6.21
Rithm Capital Corp.|4526-7305-1017-9906|User Licenses|2026-07-31,Rithm Capital Corp.,4526-7305-1017-9906,User Licenses,2026-07-31,10,0,0
Rithm Capital Corp.|386763758835678900|User Licenses|2024-03-31,Rithm Capital Corp.,386763758835678900,User Licenses,2024-03-31,1,0,0
Rocket LLC (DO NOT USE!)|6748-5761-7215-9465|Unattended Production License|2024-11-30,Rocket LLC (DO NOT USE!),6748-5761-7215-9465,Unattended Production License,2024-11-30,0,5,
Rocket LLC (DO NOT USE!)|6180-0321-7075-5558|Unattended Production License|2026-07-31,Rocket LLC (DO NOT USE!),6180-0321-7075-5558,Unattended Production License,2026-07-31,2,2,100
Rocket LLC (DO NOT USE!)|2604-0137-8450-8992|Unattended Production License|2026-07-31,Rocket LLC (DO NOT USE!),2604-0137-8450-8992,Unattended Production License,2026-07-31,9,11,122.22
Rocket LLC (DO NOT USE!)|2604-0137-8450-8992|NonProduction Robot License|2026-07-31,Rocket LLC (DO NOT USE!),2604-0137-8450-8992,NonProduction Robot License,2026-07-31,0,4,
Rocket LLC (DO NOT USE!)|2604-0137-8450-8992|Unattended Test Robot License|2026-07-31,Rocket LLC (DO NOT USE!),2604-0137-8450-8992,Unattended Test Robot License,2026-07-31,1,2,200
Rocket LLC (DO NOT USE!)|6748-5761-7215-9465|User Licenses|2024-11-30,Rocket LLC (DO NOT USE!),6748-5761-7215-9465,User Licenses,2024-11-30,0,1,
Rocket LLC (DO NOT USE!)|6180-0321-7075-5558|User Licenses|2026-07-31,Rocket LLC (DO NOT USE!),6180-0321-7075-5558,User Licenses,2026-07-31,4,2,50
Rocket LLC (DO NOT USE!)|2604-0137-8450-8992|User Licenses|2026-07-31,Rocket LLC (DO NOT USE!),2604-0137-8450-8992,User Licenses,2026-07-31,116,5,4.31
Royal Bank of Canada (RBC)|0823-3485-2093-0255|Unattended Production License|2026-07-31,Royal Bank of Canada (RBC),0823-3485-2093-0255,Unattended Production License,2026-07-31,145,0,0
Royal Bank of Canada (RBC)|6902-5640-7909-7513|Unattended Production License|2025-06-30,Royal Bank of Canada (RBC),6902-5640-7909-7513,Unattended Production License,2025-06-30,0,1,
Royal Bank of Canada (RBC)|1709-1088-8306-6893|Unattended Production License|2026-07-31,Royal Bank of Canada (RBC),1709-1088-8306-6893,Unattended Production License,2026-07-31,1,0,0
Royal Bank of Canada (RBC)|1709-1088-8306-6893|Unattended Test Robot License|2026-07-31,Royal Bank of Canada (RBC),1709-1088-8306-6893,Unattended Test Robot License,2026-07-31,1,0,0
Royal Bank of Canada (RBC)|1441-6171-7273-1530|Unattended Test Robot License|2026-07-31,Royal Bank of Canada (RBC),1441-6171-7273-1530,Unattended Test Robot License,2026-07-31,15,0,0
Royal Bank of Canada (RBC)|9453-3860-2905-5023|Unattended Test Robot License|2026-07-31,Royal Bank of Canada (RBC),9453-3860-2905-5023,Unattended Test Robot License,2026-07-31,6,0,0
Royal Bank of Canada (RBC)|0823-3485-2093-0255|Unattended Test Robot License|2026-07-31,Royal Bank of Canada (RBC),0823-3485-2093-0255,Unattended Test Robot License,2026-07-31,4,0,0
Royal Bank of Canada (RBC)|1441-6171-7273-1530|User Licenses|2026-07-31,Royal Bank of Canada (RBC),1441-6171-7273-1530,User Licenses,2026-07-31,5,0,0
Royal Bank of Canada (RBC)|9453-3860-2905-5023|User Licenses|2026-07-31,Royal Bank of Canada (RBC),9453-3860-2905-5023,User Licenses,2026-07-31,40,0,0
Royal Credit Union|1063-5496-2182-8499|Unattended Production License|2026-07-31,Royal Credit Union,1063-5496-2182-8499,Unattended Production License,2026-07-31,1,0,0
Royal Credit Union|6516-7129-8029-1301|Unattended Production License|2026-07-31,Royal Credit Union,6516-7129-8029-1301,Unattended Production License,2026-07-31,4,4,100
Royal Credit Union|1063-5496-2182-8499|Unattended Test Robot License|2026-07-31,Royal Credit Union,1063-5496-2182-8499,Unattended Test Robot License,2026-07-31,1,0,0
Royal Credit Union|6516-7129-8029-1301|Unattended Test Robot License|2026-07-31,Royal Credit Union,6516-7129-8029-1301,Unattended Test Robot License,2026-07-31,2,2,100
Royal Credit Union|1063-5496-2182-8499|User Licenses|2026-07-31,Royal Credit Union,1063-5496-2182-8499,User Licenses,2026-07-31,0,1,
Royal Credit Union|6516-7129-8029-1301|User Licenses|2026-07-31,Royal Credit Union,6516-7129-8029-1301,User Licenses,2026-07-31,51,17,33.33
Royal Credit Union|6516-7129-8029-1301|AI Units|2026-08-09,Royal Credit Union,6516-7129-8029-1301,AI Units,2026-08-09,165000,132526.6,80.32
STCU|3273-0188-8414-7602|Unattended Production License|2026-07-31,STCU,3273-0188-8414-7602,Unattended Production License,2026-07-31,4,3,75
STCU|3273-0188-8414-7602|Unattended Test Robot License|2026-07-31,STCU,3273-0188-8414-7602,Unattended Test Robot License,2026-07-31,2,1,50
STCU|3273-0188-8414-7602|User Licenses|2026-07-31,STCU,3273-0188-8414-7602,User Licenses,2026-07-31,142,12,8.45
STCU|3273-0188-8414-7602|AI Units|2026-08-09,STCU,3273-0188-8414-7602,AI Units,2026-08-09,270000,1001,0.37
SchoolsFirst FCU|6785-6777-8125-3697|Unattended Production License|2026-07-31,SchoolsFirst FCU,6785-6777-8125-3697,Unattended Production License,2026-07-31,10,10,100
SchoolsFirst FCU|6785-6777-8125-3697|Unattended Test Robot License|2026-07-31,SchoolsFirst FCU,6785-6777-8125-3697,Unattended Test Robot License,2026-07-31,10,6,60
SchoolsFirst FCU|2138-6194-7110-7923|User Licenses|2025-01-31,SchoolsFirst FCU,2138-6194-7110-7923,User Licenses,2025-01-31,25,1,4
SchoolsFirst FCU|6785-6777-8125-3697|User Licenses|2026-07-31,SchoolsFirst FCU,6785-6777-8125-3697,User Licenses,2026-07-31,50,21,42
SchoolsFirst FCU|2138-6194-7110-7923|AI Units|2025-02-28,SchoolsFirst FCU,2138-6194-7110-7923,AI Units,2025-02-28,1,0,0
SchoolsFirst FCU|6785-6777-8125-3697|AI Units|2026-08-07,SchoolsFirst FCU,6785-6777-8125-3697,AI Units,2026-08-07,540000,111795,20.7
Scotiabank|4087-1911-3123-6615|Unattended Production License|2026-07-31,Scotiabank,4087-1911-3123-6615,Unattended Production License,2026-07-31,6,0,0
Scotiabank|9267-1035-7073-7034|Unattended Production License|2026-07-31,Scotiabank,9267-1035-7073-7034,Unattended Production License,2026-07-31,2,2,100
Scotiabank|4464-8940-9086-4066|Unattended Production License|2026-07-31,Scotiabank,4464-8940-9086-4066,Unattended Production License,2026-07-31,8,0,0
Scotiabank|5113-1896-4165-3858|Unattended Production License|2026-07-31,Scotiabank,5113-1896-4165-3858,Unattended Production License,2026-07-31,414,298,71.98
Scotiabank|8909-3088-4736-3666|Unattended Production License|2025-03-31,Scotiabank,8909-3088-4736-3666,Unattended Production License,2025-03-31,0,1,
Scotiabank|4708-5044-9961-5341|Unattended Production License|2026-07-31,Scotiabank,4708-5044-9961-5341,Unattended Production License,2026-07-31,9,9,100
Scotiabank|2025-9619-8098-1235|Unattended Production License|2025-02-28,Scotiabank,2025-9619-8098-1235,Unattended Production License,2025-02-28,0,2,
Scotiabank|5579-4255-7565-6724|Unattended Production License|2026-07-31,Scotiabank,5579-4255-7565-6724,Unattended Production License,2026-07-31,202,188,93.07
Scotiabank|3401-1594-2780-6157|Unattended Production License|2026-07-31,Scotiabank,3401-1594-2780-6157,Unattended Production License,2026-07-31,15,27,180
Scotiabank|4380-7267-8114-3315|Unattended Production License|2026-04-30,Scotiabank,4380-7267-8114-3315,Unattended Production License,2026-04-30,0,70,
Scotiabank|3401-1594-2780-6157|Unattended Test Robot License|2026-07-31,Scotiabank,3401-1594-2780-6157,Unattended Test Robot License,2026-07-31,5,5,100
Scotiabank|5579-4255-7565-6724|Unattended Test Robot License|2026-07-31,Scotiabank,5579-4255-7565-6724,Unattended Test Robot License,2026-07-31,18,17,94.44
Scotiabank|6010-3206-0866-3055|Unattended Test Robot License|2026-07-31,Scotiabank,6010-3206-0866-3055,Unattended Test Robot License,2026-07-31,49,20,40.82
Scotiabank|1780-0330-0472-3894|Unattended Test Robot License|2026-07-31,Scotiabank,1780-0330-0472-3894,Unattended Test Robot License,2026-07-31,71,32,45.07
Scotiabank|3401-1594-2780-6157|User Licenses|2026-07-31,Scotiabank,3401-1594-2780-6157,User Licenses,2026-07-31,46,10,21.74
Scotiabank|5579-4255-7565-6724|User Licenses|2026-07-31,Scotiabank,5579-4255-7565-6724,User Licenses,2026-07-31,429,105,24.48
Scotiabank|5113-1896-4165-3858|User Licenses|2026-07-31,Scotiabank,5113-1896-4165-3858,User Licenses,2026-07-31,128,13,10.16
Scotiabank|6344-8267-1888-2915|User Licenses|2025-02-28,Scotiabank,6344-8267-1888-2915,User Licenses,2025-02-28,100,0,0
Scotiabank|8909-3088-4736-3666|User Licenses|2025-03-31,Scotiabank,8909-3088-4736-3666,User Licenses,2025-03-31,0,1,
Scotiabank|9267-1035-7073-7034|User Licenses|2026-07-31,Scotiabank,9267-1035-7073-7034,User Licenses,2026-07-31,280,93,33.21
Scotiabank|4087-1911-3123-6615|User Licenses|2026-07-31,Scotiabank,4087-1911-3123-6615,User Licenses,2026-07-31,105,0,0
Scotiabank|1780-0330-0472-3894|User Licenses|2026-07-31,Scotiabank,1780-0330-0472-3894,User Licenses,2026-07-31,557,74,13.29
Scotiabank|4464-8940-9086-4066|User Licenses|2026-07-31,Scotiabank,4464-8940-9086-4066,User Licenses,2026-07-31,5,0,0
Scotiabank|6010-3206-0866-3055|User Licenses|2026-07-31,Scotiabank,6010-3206-0866-3055,User Licenses,2026-07-31,143,24,16.78
Scotiabank|4380-7267-8114-3315|User Licenses|2026-04-30,Scotiabank,4380-7267-8114-3315,User Licenses,2026-04-30,0,52,
Scotiabank|2025-9619-8098-1235|User Licenses|2025-02-28,Scotiabank,2025-9619-8098-1235,User Licenses,2025-02-28,0,2,
Scotiabank|4708-5044-9961-5341|User Licenses|2026-07-31,Scotiabank,4708-5044-9961-5341,User Licenses,2026-07-31,21,6,28.57
Scotiabank|5113-1896-4165-3858|AI Units|2026-05-27,Scotiabank,5113-1896-4165-3858,AI Units,2026-05-27,1000000,59721,5.97
Scotiabank|6344-8267-1888-2915|AI Units|2025-02-28,Scotiabank,6344-8267-1888-2915,AI Units,2025-02-28,1,0,0
Scotiabank|1780-0330-0472-3894|AI Units|2026-05-21,Scotiabank,1780-0330-0472-3894,AI Units,2026-05-21,600000,27.2,0
Scotiabank|6010-3206-0866-3055|AI Units|2026-07-31,Scotiabank,6010-3206-0866-3055,AI Units,2026-07-31,480000,0,0
Scotiabank|5579-4255-7565-6724|AI Units|2026-05-27,Scotiabank,5579-4255-7565-6724,AI Units,2026-05-27,646000,5043,0.78
Seacoast Bank|8335-8458-7126-0040|Unattended Production License|2026-07-31,Seacoast Bank,8335-8458-7126-0040,Unattended Production License,2026-07-31,9,8,88.89
Seacoast Bank|8335-8458-7126-0040|Unattended Test Robot License|2026-07-31,Seacoast Bank,8335-8458-7126-0040,Unattended Test Robot License,2026-07-31,8,7,87.5
Seacoast Bank|8335-8458-7126-0040|User Licenses|2026-07-31,Seacoast Bank,8335-8458-7126-0040,User Licenses,2026-07-31,51,11,21.57
Siebert|4436-6146-2020-9110|Unattended Production License|2026-07-31,Siebert,4436-6146-2020-9110,Unattended Production License,2026-07-31,2,2,100
Siebert|9906-2247-1844-0864|Unattended Production License|2026-03-31,Siebert,9906-2247-1844-0864,Unattended Production License,2026-03-31,1,1,100
Siebert|4436-6146-2020-9110|Unattended Test Robot License|2026-07-31,Siebert,4436-6146-2020-9110,Unattended Test Robot License,2026-07-31,1,1,100
Siebert|9906-2247-1844-0864|User Licenses|2026-03-31,Siebert,9906-2247-1844-0864,User Licenses,2026-03-31,4,2,50
Siebert|4436-6146-2020-9110|User Licenses|2026-07-31,Siebert,4436-6146-2020-9110,User Licenses,2026-07-31,15,3,20
South State Corporation|9708-2371-9106-1087|Unattended Production License|2026-07-31,South State Corporation,9708-2371-9106-1087,Unattended Production License,2026-07-31,32,32,100
South State Corporation|9708-2371-9106-1087|Unattended Test Robot License|2026-07-31,South State Corporation,9708-2371-9106-1087,Unattended Test Robot License,2026-07-31,12,13,108.33
South State Corporation|8539-5355-1723-4584|User Licenses|2026-07-31,South State Corporation,8539-5355-1723-4584,User Licenses,2026-07-31,79,13,16.46
South State Corporation|9708-2371-9106-1087|User Licenses|2026-07-31,South State Corporation,9708-2371-9106-1087,User Licenses,2026-07-31,73,7,9.59
South State Corporation|9708-2371-9106-1087|Platform Units|2026-07-31,South State Corporation,9708-2371-9106-1087,Platform Units,2026-07-31,90000,0,0
South State Corporation|8539-5355-1723-4584|Platform Units|2026-07-24,South State Corporation,8539-5355-1723-4584,Platform Units,2026-07-24,3000,6.9,0.23
"State Bankshares, Inc.|5393-0098-8259-7555|Unattended Production License|2023-11-30","State Bankshares, Inc.",5393-0098-8259-7555,Unattended Production License,2023-11-30,3,0,0
"State Bankshares, Inc.|4269-9788-4740-6153|Unattended Production License|2026-07-31","State Bankshares, Inc.",4269-9788-4740-6153,Unattended Production License,2026-07-31,3,3,100
"State Bankshares, Inc.|4269-9788-4740-6153|NonProduction Robot License|2026-07-31","State Bankshares, Inc.",4269-9788-4740-6153,NonProduction Robot License,2026-07-31,0,2,
"State Bankshares, Inc.|5393-0098-8259-7555|NonProduction Robot License|2023-11-30","State Bankshares, Inc.",5393-0098-8259-7555,NonProduction Robot License,2023-11-30,2,0,0
"State Bankshares, Inc.|4269-9788-4740-6153|Unattended Test Robot License|2026-07-31","State Bankshares, Inc.",4269-9788-4740-6153,Unattended Test Robot License,2026-07-31,2,0,0
"State Bankshares, Inc.|5393-0098-8259-7555|User Licenses|2023-11-30","State Bankshares, Inc.",5393-0098-8259-7555,User Licenses,2023-11-30,114,0,0
"State Bankshares, Inc.|4269-9788-4740-6153|User Licenses|2026-07-31","State Bankshares, Inc.",4269-9788-4740-6153,User Licenses,2026-07-31,25,4,16
"Stock Yards Bancorp, Inc.|6010-9005-1735-4250|Unattended Production License|2026-07-31","Stock Yards Bancorp, Inc.",6010-9005-1735-4250,Unattended Production License,2026-07-31,4,4,100
"Stock Yards Bancorp, Inc.|6010-9005-1735-4250|Unattended Test Robot License|2026-07-31","Stock Yards Bancorp, Inc.",6010-9005-1735-4250,Unattended Test Robot License,2026-07-31,4,4,100
"Stock Yards Bancorp, Inc.|6010-9005-1735-4250|User Licenses|2026-07-31","Stock Yards Bancorp, Inc.",6010-9005-1735-4250,User Licenses,2026-07-31,79,5,6.33
"Stock Yards Bancorp, Inc.|6010-9005-1735-4250|Platform Units|2026-08-07","Stock Yards Bancorp, Inc.",6010-9005-1735-4250,Platform Units,2026-08-07,51000,140.95,0.28
StoneX Group Inc.|6794-3841-7226-9164|Unattended Production License|2025-08-31,StoneX Group Inc.,6794-3841-7226-9164,Unattended Production License,2025-08-31,0,2,
StoneX Group Inc.|5900-2388-4862-1470|Unattended Production License|2026-07-31,StoneX Group Inc.,5900-2388-4862-1470,Unattended Production License,2026-07-31,1,0,0
StoneX Group Inc.|5425-5305-7166-6527|Unattended Production License|2026-07-31,StoneX Group Inc.,5425-5305-7166-6527,Unattended Production License,2026-07-31,5,6,120
StoneX Group Inc.|5900-2388-4862-1470|Unattended Test Robot License|2026-07-31,StoneX Group Inc.,5900-2388-4862-1470,Unattended Test Robot License,2026-07-31,1,0,0
StoneX Group Inc.|5425-5305-7166-6527|Unattended Test Robot License|2026-07-31,StoneX Group Inc.,5425-5305-7166-6527,Unattended Test Robot License,2026-07-31,6,6,100
StoneX Group Inc.|6794-3841-7226-9164|User Licenses|2026-07-31,StoneX Group Inc.,6794-3841-7226-9164,User Licenses,2026-07-31,0,1,
StoneX Group Inc.|5425-5305-7166-6527|User Licenses|2026-07-31,StoneX Group Inc.,5425-5305-7166-6527,User Licenses,2026-07-31,227,43,18.94
StoneX Group Inc.|6125-4354-6608-4841|User Licenses|2023-11-30,StoneX Group Inc.,6125-4354-6608-4841,User Licenses,2023-11-30,10,0,0
Sun Life Financial Canada|1776-1169-8648-2729|Unattended Production License|2025-01-31,Sun Life Financial Canada,1776-1169-8648-2729,Unattended Production License,2025-01-31,1,1,100
Sun Life Financial Canada|5985-0669-7857-6186|Unattended Production License|2026-07-31,Sun Life Financial Canada,5985-0669-7857-6186,Unattended Production License,2026-07-31,1,0,0
Sun Life Financial Canada|5459-5665-9121-3199|Unattended Production License|2026-07-31,Sun Life Financial Canada,5459-5665-9121-3199,Unattended Production License,2026-07-31,100,2,2
Sun Life Financial Canada|1776-1169-8648-2729|Unattended Test Robot License|2025-01-31,Sun Life Financial Canada,1776-1169-8648-2729,Unattended Test Robot License,2025-01-31,1,1,100
Sun Life Financial Canada|5459-5665-9121-3199|Unattended Test Robot License|2026-07-31,Sun Life Financial Canada,5459-5665-9121-3199,Unattended Test Robot License,2026-07-31,20,2,10
Sun Life Financial Canada|1776-1169-8648-2729|User Licenses|2025-02-28,Sun Life Financial Canada,1776-1169-8648-2729,User Licenses,2025-02-28,11,0,0
Sun Life Financial Canada|5459-5665-9121-3199|User Licenses|2026-07-31,Sun Life Financial Canada,5459-5665-9121-3199,User Licenses,2026-07-31,251,24,9.56
Sun Life Financial Canada|8846-9516-6459-8124|User Licenses|2026-07-31,Sun Life Financial Canada,8846-9516-6459-8124,User Licenses,2026-07-31,100,0,0
Sun Life Financial Canada|9109-9060-5714-7101|User Licenses|2026-06-30,Sun Life Financial Canada,9109-9060-5714-7101,User Licenses,2026-06-30,10,0,0
Sun Life Financial Canada|1776-1169-8648-2729|AI Units|2025-02-28,Sun Life Financial Canada,1776-1169-8648-2729,AI Units,2025-02-28,1,0,0
Sun Life Financial Canada|5459-5665-9121-3199|Platform Units|2026-07-31,Sun Life Financial Canada,5459-5665-9121-3199,Platform Units,2026-07-31,100000,0,0
Suncoast Credit Union|3099-0405-8702-3169|Unattended Production License|2026-07-31,Suncoast Credit Union,3099-0405-8702-3169,Unattended Production License,2026-07-31,20,20,100
Suncoast Credit Union|6254-1982-1430-6354|Unattended Production License|2023-02-28,Suncoast Credit Union,6254-1982-1430-6354,Unattended Production License,2023-02-28,7,0,0
Suncoast Credit Union|3099-0405-8702-3169|Unattended Test Robot License|2026-07-31,Suncoast Credit Union,3099-0405-8702-3169,Unattended Test Robot License,2026-07-31,15,15,100
Suncoast Credit Union|3099-0405-8702-3169|User Licenses|2026-07-31,Suncoast Credit Union,3099-0405-8702-3169,User Licenses,2026-07-31,5423,261,4.81
Suncoast Credit Union|6254-1982-1430-6354|User Licenses|2023-02-28,Suncoast Credit Union,6254-1982-1430-6354,User Licenses,2023-02-28,328,0,0
Suncoast Credit Union|3099-0405-8702-3169|Platform Units|2026-08-09,Suncoast Credit Union,3099-0405-8702-3169,Platform Units,2026-08-09,196600,23098.663096774,11.75
Synovus Financial Corp.|3383-0352-0712-3017|Unattended Production License|2026-07-31,Synovus Financial Corp.,3383-0352-0712-3017,Unattended Production License,2026-07-31,15,6,40
Synovus Financial Corp.|0475-4731-2687-1100|Unattended Production License|2026-07-31,Synovus Financial Corp.,0475-4731-2687-1100,Unattended Production License,2026-07-31,1,1,100
Synovus Financial Corp.|3383-0352-0712-3017|Unattended Test Robot License|2026-07-31,Synovus Financial Corp.,3383-0352-0712-3017,Unattended Test Robot License,2026-07-31,5,5,100
Synovus Financial Corp.|0475-4731-2687-1100|Unattended Test Robot License|2026-07-31,Synovus Financial Corp.,0475-4731-2687-1100,Unattended Test Robot License,2026-07-31,1,1,100
Synovus Financial Corp.|3383-0352-0712-3017|User Licenses|2026-07-31,Synovus Financial Corp.,3383-0352-0712-3017,User Licenses,2026-07-31,126,34,26.98
Synovus Financial Corp.|0475-4731-2687-1100|User Licenses|2026-07-31,Synovus Financial Corp.,0475-4731-2687-1100,User Licenses,2026-07-31,0,2,
Synovus Financial Corp.|2072-3217-9964-9757|User Licenses|2026-07-31,Synovus Financial Corp.,2072-3217-9964-9757,User Licenses,2026-07-31,161,69,42.86
Synovus Financial Corp.|3383-0352-0712-3017|AI Units|2026-08-09,Synovus Financial Corp.,3383-0352-0712-3017,AI Units,2026-08-09,900000,28952,3.22
Synovus Financial Corp.|2072-3217-9964-9757|Platform Units|2026-07-20,Synovus Financial Corp.,2072-3217-9964-9757,Platform Units,2026-07-20,35000,1.3,0
TCW Group Inc|5958-8270-1896-0956|Unattended Production License|2026-07-31,TCW Group Inc,5958-8270-1896-0956,Unattended Production License,2026-07-31,1,1,100
TCW Group Inc|386797361126881196|Unattended Production License|2023-10-31,TCW Group Inc,386797361126881196,Unattended Production License,2023-10-31,1,0,0
TCW Group Inc|386711793031096944|NonProduction Robot License|2023-10-31,TCW Group Inc,386711793031096944,NonProduction Robot License,2023-10-31,1,0,0
TCW Group Inc|5958-8270-1896-0956|Unattended Test Robot License|2026-07-31,TCW Group Inc,5958-8270-1896-0956,Unattended Test Robot License,2026-07-31,1,1,100
TCW Group Inc|386797361126881196|User Licenses|2023-10-31,TCW Group Inc,386797361126881196,User Licenses,2023-10-31,2,0,0
TCW Group Inc|386711793031096944|User Licenses|2023-10-31,TCW Group Inc,386711793031096944,User Licenses,2023-10-31,4,0,0
TCW Group Inc|5958-8270-1896-0956|User Licenses|2026-07-31,TCW Group Inc,5958-8270-1896-0956,User Licenses,2026-07-31,110,0,0
Texas Capital Bank|386760749559281652|Unattended Production License|2024-06-30,Texas Capital Bank,386760749559281652,Unattended Production License,2024-06-30,20,0,0
Texas Capital Bank|4676-7086-0843-0592|Unattended Production License|2026-07-31,Texas Capital Bank,4676-7086-0843-0592,Unattended Production License,2026-07-31,30,27,90
Texas Capital Bank|7559-7215-0346-8844|Unattended Production License|2025-12-31,Texas Capital Bank,7559-7215-0346-8844,Unattended Production License,2025-12-31,25,0,0
Texas Capital Bank|386726818409576825|NonProduction Robot License|2024-06-30,Texas Capital Bank,386726818409576825,NonProduction Robot License,2024-06-30,9,0,0
Texas Capital Bank|4676-7086-0843-0592|NonProduction Robot License|2026-07-31,Texas Capital Bank,4676-7086-0843-0592,NonProduction Robot License,2026-07-31,9,9,100
Texas Capital Bank|6602-1671-4580-6407|NonProduction Robot License|2025-02-28,Texas Capital Bank,6602-1671-4580-6407,NonProduction Robot License,2025-02-28,9,0,0
Texas Capital Bank|6602-1671-4580-6407|User Licenses|2025-02-28,Texas Capital Bank,6602-1671-4580-6407,User Licenses,2025-02-28,36,0,0
Texas Capital Bank|386726818409576825|User Licenses|2024-06-30,Texas Capital Bank,386726818409576825,User Licenses,2024-06-30,9,0,0
Texas Capital Bank|4676-7086-0843-0592|User Licenses|2026-07-31,Texas Capital Bank,4676-7086-0843-0592,User Licenses,2026-07-31,78,23,29.49
Texas Capital Bank|386760749559281652|User Licenses|2024-06-30,Texas Capital Bank,386760749559281652,User Licenses,2024-06-30,10,0,0
Texas Capital Bank|6602-1671-4580-6407|AI Units|2025-02-28,Texas Capital Bank,6602-1671-4580-6407,AI Units,2025-02-28,1,0,0
Texas Capital Bank|4676-7086-0843-0592|AI Units|2026-03-10,Texas Capital Bank,4676-7086-0843-0592,AI Units,2026-03-10,360000,10,0
The Bank Fund Staff Federal Credit Union|0345-2952-8211-6296|Unattended Production License|2026-07-31,The Bank Fund Staff Federal Credit Union,0345-2952-8211-6296,Unattended Production License,2026-07-31,2,2,100
The Bank Fund Staff Federal Credit Union|0345-2952-8211-6296|Unattended Test Robot License|2026-07-31,The Bank Fund Staff Federal Credit Union,0345-2952-8211-6296,Unattended Test Robot License,2026-07-31,1,1,100
The Bank Fund Staff Federal Credit Union|0345-2952-8211-6296|User Licenses|2026-07-31,The Bank Fund Staff Federal Credit Union,0345-2952-8211-6296,User Licenses,2026-07-31,153,9,5.88
The Bank Fund Staff Federal Credit Union|5582-5405-0543-3427|User Licenses|2023-11-30,The Bank Fund Staff Federal Credit Union,5582-5405-0543-3427,User Licenses,2023-11-30,1,0,0
The Bank Fund Staff Federal Credit Union|0345-2952-8211-6296|AI Units|2026-07-31,The Bank Fund Staff Federal Credit Union,0345-2952-8211-6296,AI Units,2026-07-31,45000,0,0
The Bank of New York Mellon Corporation|9870-9332-7314-1822|Unattended Production License|2026-07-31,The Bank of New York Mellon Corporation,9870-9332-7314-1822,Unattended Production License,2026-07-31,831,830,99.88
The Bank of New York Mellon Corporation|4262-8147-5066-9957|Unattended Production License|2026-07-31,The Bank of New York Mellon Corporation,4262-8147-5066-9957,Unattended Production License,2026-07-31,1,1,100
The Bank of New York Mellon Corporation|2395-1865-9892-2684|Unattended Production License|2026-07-31,The Bank of New York Mellon Corporation,2395-1865-9892-2684,Unattended Production License,2026-07-31,1,0,0
The Bank of New York Mellon Corporation|6996-2033-4701-7130|Unattended Production License|2026-07-31,The Bank of New York Mellon Corporation,6996-2033-4701-7130,Unattended Production License,2026-07-31,1,1,100
The Bank of New York Mellon Corporation|8589-5267-7755-3967|Unattended Production License|2026-07-31,The Bank of New York Mellon Corporation,8589-5267-7755-3967,Unattended Production License,2026-07-31,1,1,100
The Bank of New York Mellon Corporation|9375-0368-1349-4028|Unattended Production License|2025-06-30,The Bank of New York Mellon Corporation,9375-0368-1349-4028,Unattended Production License,2025-06-30,40,9,22.5
The Bank of New York Mellon Corporation|3004-6935-3003-0532|Unattended Production License|2026-07-31,The Bank of New York Mellon Corporation,3004-6935-3003-0532,Unattended Production License,2026-07-31,50,50,100
The Bank of New York Mellon Corporation|1245-1807-9985-9171|Unattended Production License|2026-07-31,The Bank of New York Mellon Corporation,1245-1807-9985-9171,Unattended Production License,2026-07-31,1,0,0
The Bank of New York Mellon Corporation|4262-8147-5066-9957|NonProduction Robot License|2026-07-31,The Bank of New York Mellon Corporation,4262-8147-5066-9957,NonProduction Robot License,2026-07-31,0,2,
The Bank of New York Mellon Corporation|4234-5882-0848-8687|NonProduction Robot License|2026-07-31,The Bank of New York Mellon Corporation,4234-5882-0848-8687,NonProduction Robot License,2026-07-31,110,101,91.82
The Bank of New York Mellon Corporation|9870-9332-7314-1822|NonProduction Robot License|2026-07-31,The Bank of New York Mellon Corporation,9870-9332-7314-1822,NonProduction Robot License,2026-07-31,30,30,100
The Bank of New York Mellon Corporation|5239-2072-8996-2704|NonProduction Robot License|2026-07-31,The Bank of New York Mellon Corporation,5239-2072-8996-2704,NonProduction Robot License,2026-07-31,2,0,0
The Bank of New York Mellon Corporation|9375-0368-1349-4028|NonProduction Robot License|2025-06-30,The Bank of New York Mellon Corporation,9375-0368-1349-4028,NonProduction Robot License,2025-06-30,10,10,100
The Bank of New York Mellon Corporation|9870-9332-7314-1822|Unattended Test Robot License|2026-07-31,The Bank of New York Mellon Corporation,9870-9332-7314-1822,Unattended Test Robot License,2026-07-31,1,0,0
The Bank of New York Mellon Corporation|4262-8147-5066-9957|Unattended Test Robot License|2026-07-31,The Bank of New York Mellon Corporation,4262-8147-5066-9957,Unattended Test Robot License,2026-07-31,2,2,100
The Bank of New York Mellon Corporation|4234-5882-0848-8687|Unattended Test Robot License|2026-07-31,The Bank of New York Mellon Corporation,4234-5882-0848-8687,Unattended Test Robot License,2026-07-31,150,101,67.33
The Bank of New York Mellon Corporation|6996-2033-4701-7130|Unattended Test Robot License|2026-07-31,The Bank of New York Mellon Corporation,6996-2033-4701-7130,Unattended Test Robot License,2026-07-31,1,1,100
The Bank of New York Mellon Corporation|9375-0368-1349-4028|Unattended Test Robot License|2025-06-30,The Bank of New York Mellon Corporation,9375-0368-1349-4028,Unattended Test Robot License,2025-06-30,11,9,81.82
The Bank of New York Mellon Corporation|2395-1865-9892-2684|Unattended Test Robot License|2026-07-31,The Bank of New York Mellon Corporation,2395-1865-9892-2684,Unattended Test Robot License,2026-07-31,1,0,0
The Bank of New York Mellon Corporation|4262-8147-5066-9957|User Licenses|2026-07-31,The Bank of New York Mellon Corporation,4262-8147-5066-9957,User Licenses,2026-07-31,13,44,338.46
The Bank of New York Mellon Corporation|4046-4999-3292-0025|User Licenses|2025-01-31,The Bank of New York Mellon Corporation,4046-4999-3292-0025,User Licenses,2025-01-31,1,0,0
The Bank of New York Mellon Corporation|6490-2444-6792-3273|User Licenses|2026-07-31,The Bank of New York Mellon Corporation,6490-2444-6792-3273,User Licenses,2026-07-31,11,0,0
The Bank of New York Mellon Corporation|3943-5444-3146-7093|User Licenses|2024-08-31,The Bank of New York Mellon Corporation,3943-5444-3146-7093,User Licenses,2024-08-31,1125,0,0
The Bank of New York Mellon Corporation|8254-7785-8421-1248|User Licenses|2026-05-31,The Bank of New York Mellon Corporation,8254-7785-8421-1248,User Licenses,2026-05-31,10,0,0
The Bank of New York Mellon Corporation|6996-2033-4701-7130|User Licenses|2026-07-31,The Bank of New York Mellon Corporation,6996-2033-4701-7130,User Licenses,2026-07-31,572,107,18.71
The Bank of New York Mellon Corporation|1245-1807-9985-9171|User Licenses|2026-07-31,The Bank of New York Mellon Corporation,1245-1807-9985-9171,User Licenses,2026-07-31,111,0,0
The Bank of New York Mellon Corporation|9375-0368-1349-4028|User Licenses|2026-07-31,The Bank of New York Mellon Corporation,9375-0368-1349-4028,User Licenses,2026-07-31,640,605,94.53
The Bank of New York Mellon Corporation|3004-6935-3003-0532|User Licenses|2026-07-31,The Bank of New York Mellon Corporation,3004-6935-3003-0532,User Licenses,2026-07-31,1109,292,26.33
The Bank of New York Mellon Corporation|0000-2930-8517-1345|User Licenses|2024-04-30,The Bank of New York Mellon Corporation,0000-2930-8517-1345,User Licenses,2024-04-30,4,0,0
The Bank of New York Mellon Corporation|4234-5882-0848-8687|User Licenses|2026-07-31,The Bank of New York Mellon Corporation,4234-5882-0848-8687,User Licenses,2026-07-31,843,161,19.1
The Bank of New York Mellon Corporation|8589-5267-7755-3967|User Licenses|2026-07-31,The Bank of New York Mellon Corporation,8589-5267-7755-3967,User Licenses,2026-07-31,5,1,20
The Bank of New York Mellon Corporation|6522-3690-1014-8049|User Licenses|2024-04-30,The Bank of New York Mellon Corporation,6522-3690-1014-8049,User Licenses,2024-04-30,25,0,0
The Bank of New York Mellon Corporation|9870-9332-7314-1822|User Licenses|2026-07-31,The Bank of New York Mellon Corporation,9870-9332-7314-1822,User Licenses,2026-07-31,141,21,14.89
The Bank of New York Mellon Corporation|0047-4909-2745-6377|AI Units|2024-11-30,The Bank of New York Mellon Corporation,0047-4909-2745-6377,AI Units,2024-11-30,1,0,0
The Bank of New York Mellon Corporation|4234-5882-0848-8687|AI Units|2026-07-14,The Bank of New York Mellon Corporation,4234-5882-0848-8687,AI Units,2026-07-14,480000,262,0.05
The Blackstone Group L.P.|9394-1088-2490-7997|Unattended Production License|2024-07-31,The Blackstone Group L.P.,9394-1088-2490-7997,Unattended Production License,2024-07-31,5,0,0
The Blackstone Group L.P.|0923-0242-9857-6383|Unattended Production License|2026-07-31,The Blackstone Group L.P.,0923-0242-9857-6383,Unattended Production License,2026-07-31,8,8,100
The Blackstone Group L.P.|4412-8133-1481-0387|Unattended Production License|2026-07-31,The Blackstone Group L.P.,4412-8133-1481-0387,Unattended Production License,2026-07-31,10,6,60
The Blackstone Group L.P.|3237-1509-1518-6000|Unattended Test Robot License|2024-07-31,The Blackstone Group L.P.,3237-1509-1518-6000,Unattended Test Robot License,2024-07-31,4,0,0
The Blackstone Group L.P.|4412-8133-1481-0387|Unattended Test Robot License|2026-07-31,The Blackstone Group L.P.,4412-8133-1481-0387,Unattended Test Robot License,2026-07-31,5,4,80
The Blackstone Group L.P.|3237-1509-1518-6000|User Licenses|2024-07-31,The Blackstone Group L.P.,3237-1509-1518-6000,User Licenses,2024-07-31,2,0,0
The Blackstone Group L.P.|0923-0242-9857-6383|User Licenses|2026-07-31,The Blackstone Group L.P.,0923-0242-9857-6383,User Licenses,2026-07-31,15,3,20
The Blackstone Group L.P.|9536-0081-7954-3206|User Licenses|2024-07-31,The Blackstone Group L.P.,9536-0081-7954-3206,User Licenses,2024-07-31,1,0,0
The Blackstone Group L.P.|4412-8133-1481-0387|User Licenses|2026-07-31,The Blackstone Group L.P.,4412-8133-1481-0387,User Licenses,2026-07-31,102,26,25.49
The Blackstone Group L.P.|9394-1088-2490-7997|User Licenses|2024-07-31,The Blackstone Group L.P.,9394-1088-2490-7997,User Licenses,2024-07-31,5,0,0
The Blackstone Group L.P.|0923-0242-9857-6383|AI Units|2026-08-09,The Blackstone Group L.P.,0923-0242-9857-6383,AI Units,2026-08-09,540000,101281.4,18.76
The Blackstone Group L.P.|4412-8133-1481-0387|Platform Units|2026-08-07,The Blackstone Group L.P.,4412-8133-1481-0387,Platform Units,2026-08-07,50274,179,0.36
The Savings Bank Mutual Life Insurance Company of Massachusetts|9464-6349-3479-9711|Unattended Production License|2026-07-31,The Savings Bank Mutual Life Insurance Company of Massachusetts,9464-6349-3479-9711,Unattended Production License,2026-07-31,4,4,100
The Savings Bank Mutual Life Insurance Company of Massachusetts|9464-6349-3479-9711|Unattended Test Robot License|2026-07-31,The Savings Bank Mutual Life Insurance Company of Massachusetts,9464-6349-3479-9711,Unattended Test Robot License,2026-07-31,1,1,100
The Savings Bank Mutual Life Insurance Company of Massachusetts|9464-6349-3479-9711|User Licenses|2026-07-31,The Savings Bank Mutual Life Insurance Company of Massachusetts,9464-6349-3479-9711,User Licenses,2026-07-31,134,7,5.22
The Savings Bank Mutual Life Insurance Company of Massachusetts|9464-6349-3479-9711|AI Units|2026-08-07,The Savings Bank Mutual Life Insurance Company of Massachusetts,9464-6349-3479-9711,AI Units,2026-08-07,120000,4072.8,3.39
The Standard|8213-4966-0852-4680|Unattended Production License|2025-07-31,The Standard,8213-4966-0852-4680,Unattended Production License,2025-07-31,0,2,
The Standard|1417-4035-9761-3597|Unattended Production License|2026-07-31,The Standard,1417-4035-9761-3597,Unattended Production License,2026-07-31,105,105,100
The Standard|1417-4035-9761-3597|Unattended Test Robot License|2026-07-31,The Standard,1417-4035-9761-3597,Unattended Test Robot License,2026-07-31,15,15,100
The Standard|8213-4966-0852-4680|User Licenses|2025-07-31,The Standard,8213-4966-0852-4680,User Licenses,2025-07-31,0,4,
The Standard|1417-4035-9761-3597|User Licenses|2026-07-31,The Standard,1417-4035-9761-3597,User Licenses,2026-07-31,542,212,39.11
The Standard|1417-4035-9761-3597|AI Units|2026-08-09,The Standard,1417-4035-9761-3597,AI Units,2026-08-09,180000,88040.8,48.91
"The Vanguard Group, Inc.|7224-7947-7404-0029|Unattended Production License|2026-07-31","The Vanguard Group, Inc.",7224-7947-7404-0029,Unattended Production License,2026-07-31,5,5,100
"The Vanguard Group, Inc.|5435-9834-9432-3055|Unattended Production License|2026-07-31","The Vanguard Group, Inc.",5435-9834-9432-3055,Unattended Production License,2026-07-31,139,189,135.97
"The Vanguard Group, Inc.|5435-9834-9432-3055|Unattended Test Robot License|2026-07-31","The Vanguard Group, Inc.",5435-9834-9432-3055,Unattended Test Robot License,2026-07-31,101,101,100
"The Vanguard Group, Inc.|386723671047013686|User Licenses|2023-11-30","The Vanguard Group, Inc.",386723671047013686,User Licenses,2023-11-30,9,0,0
"The Vanguard Group, Inc.|7224-7947-7404-0029|User Licenses|2026-07-31","The Vanguard Group, Inc.",7224-7947-7404-0029,User Licenses,2026-07-31,86,7,8.14
"The Vanguard Group, Inc.|5435-9834-9432-3055|User Licenses|2026-07-31","The Vanguard Group, Inc.",5435-9834-9432-3055,User Licenses,2026-07-31,4323,543,12.56
"The Vanguard Group, Inc.|386786439027025183|User Licenses|2023-11-30","The Vanguard Group, Inc.",386786439027025183,User Licenses,2023-11-30,3,0,0
"The Vanguard Group, Inc.|5435-9834-9432-3055|AI Units|2026-08-09","The Vanguard Group, Inc.",5435-9834-9432-3055,AI Units,2026-08-09,240000,34953.15,14.56
"The Vanguard Group, Inc.|7224-7947-7404-0029|AI Units|2026-07-31","The Vanguard Group, Inc.",7224-7947-7404-0029,AI Units,2026-07-31,60000,0,0
The Wawanesa Mutual Insurance Company|6162-7165-1652-9965|Unattended Production License|2026-07-31,The Wawanesa Mutual Insurance Company,6162-7165-1652-9965,Unattended Production License,2026-07-31,7,1,14.29
The Wawanesa Mutual Insurance Company|6162-7165-1652-9965|Unattended Test Robot License|2026-07-31,The Wawanesa Mutual Insurance Company,6162-7165-1652-9965,Unattended Test Robot License,2026-07-31,3,3,100
The Wawanesa Mutual Insurance Company|6162-7165-1652-9965|User Licenses|2026-07-31,The Wawanesa Mutual Insurance Company,6162-7165-1652-9965,User Licenses,2026-07-31,23,3,13.04
"Thomson Company Inc, The|386722059647980735|Unattended Production License|2026-07-31","Thomson Company Inc, The",386722059647980735,Unattended Production License,2026-07-31,75,0,0
"Thomson Company Inc, The|3541-8329-2136-6143|Unattended Production License|2024-11-30","Thomson Company Inc, The",3541-8329-2136-6143,Unattended Production License,2024-11-30,0,5,
"Thomson Company Inc, The|5018-5999-6634-6309|Unattended Production License|2026-07-31","Thomson Company Inc, The",5018-5999-6634-6309,Unattended Production License,2026-07-31,5,2,40
"Thomson Company Inc, The|386722059647980735|User Licenses|2026-07-31","Thomson Company Inc, The",386722059647980735,User Licenses,2026-07-31,42,0,0
"Thomson Company Inc, The|3541-8329-2136-6143|User Licenses|2026-04-30","Thomson Company Inc, The",3541-8329-2136-6143,User Licenses,2026-04-30,0,3,
"Thomson Company Inc, The|8152-8559-9987-4670|User Licenses|2024-09-30","Thomson Company Inc, The",8152-8559-9987-4670,User Licenses,2024-09-30,0,4,
"Thomson Company Inc, The|6490-6526-5490-3608|User Licenses|2026-07-31","Thomson Company Inc, The",6490-6526-5490-3608,User Licenses,2026-07-31,6,0,0
"Thomson Company Inc, The|5018-5999-6634-6309|User Licenses|2026-07-31","Thomson Company Inc, The",5018-5999-6634-6309,User Licenses,2026-07-31,39,14,35.9
Tower Federal Credit Union|4862-8516-1664-4037|Unattended Production License|2026-07-31,Tower Federal Credit Union,4862-8516-1664-4037,Unattended Production License,2026-07-31,6,3,50
Tower Federal Credit Union|4862-8516-1664-4037|Unattended Test Robot License|2026-07-31,Tower Federal Credit Union,4862-8516-1664-4037,Unattended Test Robot License,2026-07-31,2,2,100
Tower Federal Credit Union|4862-8516-1664-4037|User Licenses|2026-07-31,Tower Federal Credit Union,4862-8516-1664-4037,User Licenses,2026-07-31,24,13,54.17
Tower Federal Credit Union|4862-8516-1664-4037|AI Units|2026-08-09,Tower Federal Credit Union,4862-8516-1664-4037,AI Units,2026-08-09,60000,936,1.56
Trans Union LLC|5517-4197-8085-4680|Unattended Production License|2026-07-31,Trans Union LLC,5517-4197-8085-4680,Unattended Production License,2026-07-31,1500,1,0.07
Trans Union LLC|5517-4197-8085-4680|Unattended Test Robot License|2026-07-31,Trans Union LLC,5517-4197-8085-4680,Unattended Test Robot License,2026-07-31,1500,0,0
Trans Union LLC|5517-4197-8085-4680|User Licenses|2026-07-31,Trans Union LLC,5517-4197-8085-4680,User Licenses,2026-07-31,9011,7,0.08
Trans Union LLC|5517-4197-8085-4680|AI Units|2026-07-31,Trans Union LLC,5517-4197-8085-4680,AI Units,2026-07-31,38340000,0,0
Trisura Specialty Insurance Company|3816-0630-7409-1700|Unattended Production License|2026-07-31,Trisura Specialty Insurance Company,3816-0630-7409-1700,Unattended Production License,2026-07-31,1,1,100
Trisura Specialty Insurance Company|3816-0630-7409-1700|User Licenses|2026-07-31,Trisura Specialty Insurance Company,3816-0630-7409-1700,User Licenses,2026-07-31,43,12,27.91
USI|5094-0507-1941-3653|Unattended Production License|2026-07-31,USI,5094-0507-1941-3653,Unattended Production License,2026-07-31,28,21,75
USI|8234-4008-5975-4128|Unattended Production License|2024-10-31,USI,8234-4008-5975-4128,Unattended Production License,2024-10-31,20,0,0
USI|5966-8271-5777-6170|NonProduction Robot License|2024-03-31,USI,5966-8271-5777-6170,NonProduction Robot License,2024-03-31,10,0,0
USI|5094-0507-1941-3653|Unattended Test Robot License|2026-07-31,USI,5094-0507-1941-3653,Unattended Test Robot License,2026-07-31,14,14,100
USI|5094-0507-1941-3653|User Licenses|2026-07-31,USI,5094-0507-1941-3653,User Licenses,2026-07-31,156,88,56.41
USI|5966-8271-5777-6170|User Licenses|2024-03-31,USI,5966-8271-5777-6170,User Licenses,2024-03-31,18,0,0
USI|8234-4008-5975-4128|User Licenses|2024-10-31,USI,8234-4008-5975-4128,User Licenses,2024-10-31,13,0,0
USI|5094-0507-1941-3653|AI Units|2026-08-09,USI,5094-0507-1941-3653,AI Units,2026-08-09,1300000,422339,32.49
Union Bank and Trust Company|2236-2959-8486-1424|Unattended Production License|2025-06-30,Union Bank and Trust Company,2236-2959-8486-1424,Unattended Production License,2025-06-30,3,0,0
Union Bank and Trust Company|9634-4162-6838-0083|Unattended Production License|2026-07-31,Union Bank and Trust Company,9634-4162-6838-0083,Unattended Production License,2026-07-31,3,3,100
Union Bank and Trust Company|9634-4162-6838-0083|Unattended Test Robot License|2026-07-31,Union Bank and Trust Company,9634-4162-6838-0083,Unattended Test Robot License,2026-07-31,1,1,100
Union Bank and Trust Company|4543-5459-3179-4777|Unattended Test Robot License|2025-06-30,Union Bank and Trust Company,4543-5459-3179-4777,Unattended Test Robot License,2025-06-30,1,0,0
Union Bank and Trust Company|4543-5459-3179-4777|User Licenses|2025-06-30,Union Bank and Trust Company,4543-5459-3179-4777,User Licenses,2025-06-30,4,0,0
Union Bank and Trust Company|9634-4162-6838-0083|User Licenses|2026-07-31,Union Bank and Trust Company,9634-4162-6838-0083,User Licenses,2026-07-31,146,12,8.22
United Bankshares Inc|5557-2675-5219-7140|Unattended Production License|2026-07-31,United Bankshares Inc,5557-2675-5219-7140,Unattended Production License,2026-07-31,3,4,133.33
United Bankshares Inc|5557-2675-5219-7140|Unattended Test Robot License|2026-07-31,United Bankshares Inc,5557-2675-5219-7140,Unattended Test Robot License,2026-07-31,1,1,100
United Bankshares Inc|5557-2675-5219-7140|User Licenses|2026-07-31,United Bankshares Inc,5557-2675-5219-7140,User Licenses,2026-07-31,108,3,2.78
United Federal Credit Union|1248-6032-9967-7946|Unattended Production License|2026-07-31,United Federal Credit Union,1248-6032-9967-7946,Unattended Production License,2026-07-31,3,3,100
United Federal Credit Union|1248-6032-9967-7946|NonProduction Robot License|2026-07-31,United Federal Credit Union,1248-6032-9967-7946,NonProduction Robot License,2026-07-31,0,1,
United Federal Credit Union|1248-6032-9967-7946|Unattended Test Robot License|2026-07-31,United Federal Credit Union,1248-6032-9967-7946,Unattended Test Robot License,2026-07-31,2,0,0
United Federal Credit Union|1248-6032-9967-7946|User Licenses|2026-07-31,United Federal Credit Union,1248-6032-9967-7946,User Licenses,2026-07-31,14,6,42.86
"United Wholesale Mortgage, LLC|2141-1214-1047-4173|Unattended Production License|2026-07-31","United Wholesale Mortgage, LLC",2141-1214-1047-4173,Unattended Production License,2026-07-31,60,60,100
"United Wholesale Mortgage, LLC|1990-2956-8711-0361|Unattended Production License|2023-11-30","United Wholesale Mortgage, LLC",1990-2956-8711-0361,Unattended Production License,2023-11-30,20,0,0
"United Wholesale Mortgage, LLC|9600-9903-9048-1229|Unattended Production License|2026-07-31","United Wholesale Mortgage, LLC",9600-9903-9048-1229,Unattended Production License,2026-07-31,0,1,
"United Wholesale Mortgage, LLC|5796-1498-9978-8373|NonProduction Robot License|2023-11-30","United Wholesale Mortgage, LLC",5796-1498-9978-8373,NonProduction Robot License,2023-11-30,5,0,0
"United Wholesale Mortgage, LLC|2141-1214-1047-4173|Unattended Test Robot License|2026-07-31","United Wholesale Mortgage, LLC",2141-1214-1047-4173,Unattended Test Robot License,2026-07-31,30,15,50
"United Wholesale Mortgage, LLC|5796-1498-9978-8373|Unattended Test Robot License|2023-11-30","United Wholesale Mortgage, LLC",5796-1498-9978-8373,Unattended Test Robot License,2023-11-30,10,0,0
"United Wholesale Mortgage, LLC|2141-1214-1047-4173|User Licenses|2026-07-31","United Wholesale Mortgage, LLC",2141-1214-1047-4173,User Licenses,2026-07-31,176,33,18.75
"United Wholesale Mortgage, LLC|3058-9816-8081-8456|User Licenses|2026-07-31","United Wholesale Mortgage, LLC",3058-9816-8081-8456,User Licenses,2026-07-31,115,19,16.52
"United Wholesale Mortgage, LLC|0041-0294-0523-7219|User Licenses|2026-05-31","United Wholesale Mortgage, LLC",0041-0294-0523-7219,User Licenses,2026-05-31,1,0,0
"United Wholesale Mortgage, LLC|1990-2956-8711-0361|User Licenses|2023-11-30","United Wholesale Mortgage, LLC",1990-2956-8711-0361,User Licenses,2023-11-30,10,0,0
"United Wholesale Mortgage, LLC|5796-1498-9978-8373|User Licenses|2023-11-30","United Wholesale Mortgage, LLC",5796-1498-9978-8373,User Licenses,2023-11-30,26,0,0
"United Wholesale Mortgage, LLC|2141-1214-1047-4173|AI Units|2026-08-09","United Wholesale Mortgage, LLC",2141-1214-1047-4173,AI Units,2026-08-09,24000000,17039315.5,71
"Universal Insurance Holdings, Inc.|9932-1853-2192-6442|Unattended Production License|2025-10-31","Universal Insurance Holdings, Inc.",9932-1853-2192-6442,Unattended Production License,2025-10-31,0,1,
"Universal Insurance Holdings, Inc.|9932-1853-2192-6442|User Licenses|2025-10-31","Universal Insurance Holdings, Inc.",9932-1853-2192-6442,User Licenses,2025-10-31,0,1,
Valley National Bank|8642-1861-8792-3235|Unattended Production License|2026-07-31,Valley National Bank,8642-1861-8792-3235,Unattended Production License,2026-07-31,2,2,100
Valley National Bank|0627-8873-6897-7314|Unattended Production License|2025-04-30,Valley National Bank,0627-8873-6897-7314,Unattended Production License,2025-04-30,0,1,
Valley National Bank|4223-7097-5790-7812|Unattended Production License|2026-07-31,Valley National Bank,4223-7097-5790-7812,Unattended Production License,2026-07-31,10,10,100
Valley National Bank|386700942926067600|Unattended Production License|2025-11-30,Valley National Bank,386700942926067600,Unattended Production License,2025-11-30,10,0,0
Valley National Bank|386789469898405760|NonProduction Robot License|2025-11-30,Valley National Bank,386789469898405760,NonProduction Robot License,2025-11-30,2,0,0
Valley National Bank|2150-6220-7307-6630|NonProduction Robot License|2025-11-30,Valley National Bank,2150-6220-7307-6630,NonProduction Robot License,2025-11-30,2,0,0
Valley National Bank|8642-1861-8792-3235|Unattended Test Robot License|2026-07-31,Valley National Bank,8642-1861-8792-3235,Unattended Test Robot License,2026-07-31,2,2,100
Valley National Bank|4223-7097-5790-7812|Unattended Test Robot License|2026-07-31,Valley National Bank,4223-7097-5790-7812,Unattended Test Robot License,2026-07-31,4,4,100
Valley National Bank|386700942926067600|User Licenses|2025-11-30,Valley National Bank,386700942926067600,User Licenses,2025-11-30,12,0,0
Valley National Bank|8642-1861-8792-3235|User Licenses|2026-07-31,Valley National Bank,8642-1861-8792-3235,User Licenses,2026-07-31,29,0,0
Valley National Bank|0627-8873-6897-7314|User Licenses|2025-04-30,Valley National Bank,0627-8873-6897-7314,User Licenses,2025-04-30,0,2,
Valley National Bank|4223-7097-5790-7812|User Licenses|2026-07-31,Valley National Bank,4223-7097-5790-7812,User Licenses,2026-07-31,119,23,19.33
Valley National Bank|386789469898405760|User Licenses|2025-11-30,Valley National Bank,386789469898405760,User Licenses,2025-11-30,8,0,0
Valley National Bank|4223-7097-5790-7812|Platform Units|2026-08-07,Valley National Bank,4223-7097-5790-7812,Platform Units,2026-08-07,243250,151.51,0.06
Valley National Bank|8642-1861-8792-3235|Platform Units|2026-07-31,Valley National Bank,8642-1861-8792-3235,Platform Units,2026-07-31,8000,0,0
Vancouver City Savings Credit Union|3177-9687-0823-5924|Unattended Production License|2026-07-31,Vancouver City Savings Credit Union,3177-9687-0823-5924,Unattended Production License,2026-07-31,19,10,52.63
Vancouver City Savings Credit Union|386762065777991173|Unattended Production License|2024-11-30,Vancouver City Savings Credit Union,386762065777991173,Unattended Production License,2024-11-30,2,0,0
Vancouver City Savings Credit Union|386783725863830304|NonProduction Robot License|2024-11-30,Vancouver City Savings Credit Union,386783725863830304,NonProduction Robot License,2024-11-30,4,0,0
Vancouver City Savings Credit Union|5037-6047-8996-3159|User Licenses|2024-11-30,Vancouver City Savings Credit Union,5037-6047-8996-3159,User Licenses,2024-11-30,2,0,0
Vancouver City Savings Credit Union|386762065777991173|User Licenses|2024-11-30,Vancouver City Savings Credit Union,386762065777991173,User Licenses,2024-11-30,1,0,0
Vancouver City Savings Credit Union|3177-9687-0823-5924|User Licenses|2026-07-31,Vancouver City Savings Credit Union,3177-9687-0823-5924,User Licenses,2026-07-31,170,14,8.24
Vancouver City Savings Credit Union|3177-9687-0823-5924|Platform Units|2026-04-06,Vancouver City Savings Credit Union,3177-9687-0823-5924,Platform Units,2026-04-06,53250,1052.8,1.98
Virginia Credit Union|4277-5229-4325-2622|Unattended Production License|2026-07-31,Virginia Credit Union,4277-5229-4325-2622,Unattended Production License,2026-07-31,35,20,57.14
Virginia Credit Union|0610-3911-0796-4194|Unattended Production License|2023-02-28,Virginia Credit Union,0610-3911-0796-4194,Unattended Production License,2023-02-28,11,0,0
Virginia Credit Union|4277-5229-4325-2622|Unattended Test Robot License|2026-07-31,Virginia Credit Union,4277-5229-4325-2622,Unattended Test Robot License,2026-07-31,10,3,30
Virginia Credit Union|3740-3686-4336-9262|User Licenses|2023-03-31,Virginia Credit Union,3740-3686-4336-9262,User Licenses,2023-03-31,10,0,0
Virginia Credit Union|4277-5229-4325-2622|User Licenses|2026-07-31,Virginia Credit Union,4277-5229-4325-2622,User Licenses,2026-07-31,127,14,11.02
Virginia Credit Union|0610-3911-0796-4194|User Licenses|2023-02-28,Virginia Credit Union,0610-3911-0796-4194,User Licenses,2023-02-28,7,0,0
Visions Federal Credit Union|6672-6544-1488-0416|Unattended Production License|2023-07-31,Visions Federal Credit Union,6672-6544-1488-0416,Unattended Production License,2023-07-31,5,0,0
Visions Federal Credit Union|6007-4038-5624-3110|Unattended Production License|2026-07-31,Visions Federal Credit Union,6007-4038-5624-3110,Unattended Production License,2026-07-31,9,9,100
Visions Federal Credit Union|4253-4968-3829-7904|NonProduction Robot License|2023-07-31,Visions Federal Credit Union,4253-4968-3829-7904,NonProduction Robot License,2023-07-31,3,0,0
Visions Federal Credit Union|6007-4038-5624-3110|Unattended Test Robot License|2026-07-31,Visions Federal Credit Union,6007-4038-5624-3110,Unattended Test Robot License,2026-07-31,3,3,100
Visions Federal Credit Union|6007-4038-5624-3110|User Licenses|2026-07-31,Visions Federal Credit Union,6007-4038-5624-3110,User Licenses,2026-07-31,180,16,8.89
Visions Federal Credit Union|4253-4968-3829-7904|User Licenses|2023-07-31,Visions Federal Credit Union,4253-4968-3829-7904,User Licenses,2023-07-31,7,0,0
Visions Federal Credit Union|6672-6544-1488-0416|User Licenses|2023-07-31,Visions Federal Credit Union,6672-6544-1488-0416,User Licenses,2023-07-31,14,0,0
Visions Federal Credit Union|6007-4038-5624-3110|AI Units|2026-08-05,Visions Federal Credit Union,6007-4038-5624-3110,AI Units,2026-08-05,60000,339,0.56
Voya Financial Inc.|3981-6004-5473-9126|Unattended Production License|2026-07-31,Voya Financial Inc.,3981-6004-5473-9126,Unattended Production License,2026-07-31,176,164,93.18
Voya Financial Inc.|8377-1148-7566-5634|Unattended Production License|2025-02-28,Voya Financial Inc.,8377-1148-7566-5634,Unattended Production License,2025-02-28,0,5,
Voya Financial Inc.|2808-7298-9563-4265|Unattended Production License|2025-10-31,Voya Financial Inc.,2808-7298-9563-4265,Unattended Production License,2025-10-31,5,0,0
Voya Financial Inc.|0024-6984-4603-4821|Unattended Test Robot License|2025-10-31,Voya Financial Inc.,0024-6984-4603-4821,Unattended Test Robot License,2025-10-31,11,0,0
Voya Financial Inc.|9302-3162-0931-5996|Unattended Test Robot License|2025-10-31,Voya Financial Inc.,9302-3162-0931-5996,Unattended Test Robot License,2025-10-31,1,1,100
Voya Financial Inc.|7965-4835-7389-2006|Unattended Test Robot License|2025-10-31,Voya Financial Inc.,7965-4835-7389-2006,Unattended Test Robot License,2025-10-31,38,38,100
Voya Financial Inc.|6463-1944-2408-0289|Unattended Test Robot License|2026-07-31,Voya Financial Inc.,6463-1944-2408-0289,Unattended Test Robot License,2026-07-31,4,4,100
Voya Financial Inc.|8377-1148-7566-5634|User Licenses|2025-02-28,Voya Financial Inc.,8377-1148-7566-5634,User Licenses,2025-02-28,0,3,
Voya Financial Inc.|9302-3162-0931-5996|User Licenses|2025-10-31,Voya Financial Inc.,9302-3162-0931-5996,User Licenses,2025-10-31,4,1,25
Voya Financial Inc.|4868-1565-7085-9574|User Licenses|2026-07-31,Voya Financial Inc.,4868-1565-7085-9574,User Licenses,2026-07-31,261,44,16.86
Voya Financial Inc.|6463-1944-2408-0289|User Licenses|2026-07-31,Voya Financial Inc.,6463-1944-2408-0289,User Licenses,2026-07-31,214,51,23.83
Voya Financial Inc.|3981-6004-5473-9126|User Licenses|2026-07-31,Voya Financial Inc.,3981-6004-5473-9126,User Licenses,2026-07-31,116,83,71.55
Voya Financial Inc.|7965-4835-7389-2006|User Licenses|2025-10-31,Voya Financial Inc.,7965-4835-7389-2006,User Licenses,2025-10-31,24,3,12.5
Voya Financial Inc.|2808-7298-9563-4265|AI Units|2025-10-31,Voya Financial Inc.,2808-7298-9563-4265,AI Units,2025-10-31,180000,0,0
Voya Financial Inc.|7965-4835-7389-2006|AI Units|2026-07-31,Voya Financial Inc.,7965-4835-7389-2006,AI Units,2026-07-31,9000,4674.8,51.94
Voya Financial Inc.|3981-6004-5473-9126|AI Units|2026-08-09,Voya Financial Inc.,3981-6004-5473-9126,AI Units,2026-08-09,7930000,10287701.4,129.73
Voya Financial Inc.|6463-1944-2408-0289|AI Units|2026-08-06,Voya Financial Inc.,6463-1944-2408-0289,AI Units,2026-08-06,188905,21073.25,11.16
WEX Inc|7202-0872-7189-6662|Unattended Production License|2026-07-31,WEX Inc,7202-0872-7189-6662,Unattended Production License,2026-07-31,92,92,100
WEX Inc|7202-0872-7189-6662|Unattended Test Robot License|2026-07-31,WEX Inc,7202-0872-7189-6662,Unattended Test Robot License,2026-07-31,25,20,80
WEX Inc|7202-0872-7189-6662|User Licenses|2026-07-31,WEX Inc,7202-0872-7189-6662,User Licenses,2026-07-31,482,151,31.33
WEX Inc|9948-7922-9003-9219|User Licenses|2023-01-31,WEX Inc,9948-7922-9003-9219,User Licenses,2023-01-31,10,0,0
WEX Inc|7202-0872-7189-6662|AI Units|2026-08-09,WEX Inc,7202-0872-7189-6662,AI Units,2026-08-09,2540000,1118159.8,44.02
WSFS Bank|6248-3183-4076-5753|Unattended Production License|2026-06-30,WSFS Bank,6248-3183-4076-5753,Unattended Production License,2026-06-30,2,0,0
WSFS Bank|7868-1611-6853-5797|Unattended Production License|2026-07-31,WSFS Bank,7868-1611-6853-5797,Unattended Production License,2026-07-31,3,3,100
WSFS Bank|7868-1611-6853-5797|User Licenses|2026-07-31,WSFS Bank,7868-1611-6853-5797,User Licenses,2026-07-31,31,4,12.9
WSFS Bank|6248-3183-4076-5753|User Licenses|2026-06-30,WSFS Bank,6248-3183-4076-5753,User Licenses,2026-06-30,4,0,0
Welltower OP LLC|5333-3636-9192-7445|Unattended Production License|2026-07-31,Welltower OP LLC,5333-3636-9192-7445,Unattended Production License,2026-07-31,1,0,0
Welltower OP LLC|386783355397381469|Unattended Production License|2023-06-30,Welltower OP LLC,386783355397381469,Unattended Production License,2023-06-30,2,0,0
Welltower OP LLC|0023-2525-0561-3889|Unattended Production License|2026-07-31,Welltower OP LLC,0023-2525-0561-3889,Unattended Production License,2026-07-31,1,2,200
Welltower OP LLC|386799659184977474|NonProduction Robot License|2023-06-30,Welltower OP LLC,386799659184977474,NonProduction Robot License,2023-06-30,2,0,0
Welltower OP LLC|5333-3636-9192-7445|Unattended Test Robot License|2026-07-31,Welltower OP LLC,5333-3636-9192-7445,Unattended Test Robot License,2026-07-31,1,0,0
Welltower OP LLC|0023-2525-0561-3889|Unattended Test Robot License|2026-07-31,Welltower OP LLC,0023-2525-0561-3889,Unattended Test Robot License,2026-07-31,1,4,400
Welltower OP LLC|386799659184977474|User Licenses|2023-06-30,Welltower OP LLC,386799659184977474,User Licenses,2023-06-30,3,0,0
Welltower OP LLC|0023-2525-0561-3889|User Licenses|2026-07-31,Welltower OP LLC,0023-2525-0561-3889,User Licenses,2026-07-31,104,2,1.92
Western Alliance Bank|386700314241073324|Unattended Production License|2024-10-31,Western Alliance Bank,386700314241073324,Unattended Production License,2024-10-31,34,0,0
Western Alliance Bank|5963-6819-0470-5544|Unattended Production License|2026-07-31,Western Alliance Bank,5963-6819-0470-5544,Unattended Production License,2026-07-31,20,20,100
Western Alliance Bank|1977-6972-8963-4473|NonProduction Robot License|2024-10-31,Western Alliance Bank,1977-6972-8963-4473,NonProduction Robot License,2024-10-31,15,0,0
Western Alliance Bank|5963-6819-0470-5544|Unattended Test Robot License|2026-07-31,Western Alliance Bank,5963-6819-0470-5544,Unattended Test Robot License,2026-07-31,21,21,100
Western Alliance Bank|5963-6819-0470-5544|User Licenses|2026-07-31,Western Alliance Bank,5963-6819-0470-5544,User Licenses,2026-07-31,171,49,28.65
Western Alliance Bank|1266-5018-7243-6112|User Licenses|2024-10-31,Western Alliance Bank,1266-5018-7243-6112,User Licenses,2024-10-31,16,0,0
Western Alliance Bank|5963-6819-0470-5544|Platform Units|2026-08-07,Western Alliance Bank,5963-6819-0470-5544,Platform Units,2026-08-07,131250,8249.77,6.29
Western Union LLC|4029-1182-9539-9493|Unattended Production License|2025-01-31,Western Union LLC,4029-1182-9539-9493,Unattended Production License,2025-01-31,1,1,100
Western Union LLC|2937-9789-7826-4737|Unattended Production License|2026-07-31,Western Union LLC,2937-9789-7826-4737,Unattended Production License,2026-07-31,25,23,92
Western Union LLC|2937-9789-7826-4737|Unattended Test Robot License|2026-07-31,Western Union LLC,2937-9789-7826-4737,Unattended Test Robot License,2026-07-31,5,3,60
Western Union LLC|4029-1182-9539-9493|Unattended Test Robot License|2025-01-31,Western Union LLC,4029-1182-9539-9493,Unattended Test Robot License,2025-01-31,1,1,100
Western Union LLC|3414-9377-3441-8163|User Licenses|2023-03-31,Western Union LLC,3414-9377-3441-8163,User Licenses,2023-03-31,25,0,0
Western Union LLC|2937-9789-7826-4737|User Licenses|2026-07-31,Western Union LLC,2937-9789-7826-4737,User Licenses,2026-07-31,283,157,55.48
Western Union LLC|4029-1182-9539-9493|User Licenses|2025-02-28,Western Union LLC,4029-1182-9539-9493,User Licenses,2025-02-28,11,0,0
Western Union LLC|2937-9789-7826-4737|AI Units|2026-08-09,Western Union LLC,2937-9789-7826-4737,AI Units,2026-08-09,2836667,267494,9.43
Western Union LLC|4029-1182-9539-9493|AI Units|2025-02-28,Western Union LLC,4029-1182-9539-9493,AI Units,2025-02-28,1,0,0
Wintrust Financial Corporation|5787-2105-8824-9956|Unattended Production License|2025-08-31,Wintrust Financial Corporation,5787-2105-8824-9956,Unattended Production License,2025-08-31,14,0,0
Wintrust Financial Corporation|4110-4402-4641-8588|Unattended Production License|2026-07-31,Wintrust Financial Corporation,4110-4402-4641-8588,Unattended Production License,2026-07-31,16,16,100
Wintrust Financial Corporation|8429-8890-2558-6520|Unattended Production License|2025-06-30,Wintrust Financial Corporation,8429-8890-2558-6520,Unattended Production License,2025-06-30,0,1,
Wintrust Financial Corporation|5787-2105-8824-9956|NonProduction Robot License|2025-08-31,Wintrust Financial Corporation,5787-2105-8824-9956,NonProduction Robot License,2025-08-31,5,0,0
Wintrust Financial Corporation|4110-4402-4641-8588|NonProduction Robot License|2026-07-31,Wintrust Financial Corporation,4110-4402-4641-8588,NonProduction Robot License,2026-07-31,5,5,100
Wintrust Financial Corporation|4110-4402-4641-8588|Unattended Test Robot License|2026-07-31,Wintrust Financial Corporation,4110-4402-4641-8588,Unattended Test Robot License,2026-07-31,6,0,0
Wintrust Financial Corporation|4110-4402-4641-8588|User Licenses|2026-07-31,Wintrust Financial Corporation,4110-4402-4641-8588,User Licenses,2026-07-31,254,37,14.57
Wintrust Financial Corporation|8429-8890-2558-6520|User Licenses|2025-06-30,Wintrust Financial Corporation,8429-8890-2558-6520,User Licenses,2025-06-30,0,1,
Wintrust Financial Corporation|4110-4402-4641-8588|Platform Units|2026-08-07,Wintrust Financial Corporation,4110-4402-4641-8588,Platform Units,2026-08-07,25000,1548.976,6.2
Zions Bancorporation|8806-1169-1802-2472|Unattended Production License|2026-07-31,Zions Bancorporation,8806-1169-1802-2472,Unattended Production License,2026-07-31,35,35,100
Zions Bancorporation|8997-1354-6209-2609|Unattended Production License|2025-02-28,Zions Bancorporation,8997-1354-6209-2609,Unattended Production License,2025-02-28,1,0,0
Zions Bancorporation|8806-1169-1802-2472|Unattended Test Robot License|2026-07-31,Zions Bancorporation,8806-1169-1802-2472,Unattended Test Robot License,2026-07-31,13,13,100
Zions Bancorporation|8997-1354-6209-2609|Unattended Test Robot License|2025-02-28,Zions Bancorporation,8997-1354-6209-2609,Unattended Test Robot License,2025-02-28,1,0,0
Zions Bancorporation|8806-1169-1802-2472|User Licenses|2026-07-31,Zions Bancorporation,8806-1169-1802-2472,User Licenses,2026-07-31,414,90,21.74
Zions Bancorporation|8997-1354-6209-2609|User Licenses|2025-02-28,Zions Bancorporation,8997-1354-6209-2609,User Licenses,2025-02-28,11,0,0
Zions Bancorporation|8806-1169-1802-2472|AI Units|2026-08-09,Zions Bancorporation,8806-1169-1802-2472,AI Units,2026-08-09,664247,27210.8,4.1
Zions Bancorporation|8997-1354-6209-2609|AI Units|2025-02-28,Zions Bancorporation,8997-1354-6209-2609,AI Units,2025-02-28,1,0,0
